Name,ExpressionSetId,ExpressionSet.ApiName,ReferenceObjectId,ConstraintModelTag,ConstraintModelTagType
ECO-000000059,9QLKY000000ACRa4AO,GeneratorSet,0dSKY000000IXAi2AO,BatteryChargingAlternators,Port
ECO-000000095,9QLKY000000ACRa4AO,GeneratorSet,0dSKY000000IXB42AO,CoolingSystems,Port
ECO-000000060,9QLKY000000ACRa4AO,GeneratorSet,0dSKY000000IXCQ2A4,Warranties,Port
ECO-000000061,9QLKY000000ACRa4AO,GeneratorSet,0dSKY000000IXBj2AO,Testing,Port
ECO-000000064,9QLKY000000ACRa4AO,GeneratorSet,0dSKY000000IXBl2AO,Testing,Port
ECO-000000065,9QLKY000000ACRa4AO,GeneratorSet,0dSKY000000IXCU2A4,Warranties,Port
ECO-000000066,9QLKY000000ACRa4AO,GeneratorSet,0dSKY000000IXAm2AO,OilSystemOptions,Port
ECO-000000067,9QLKY000000ACRa4AO,GeneratorSet,0dSKY000000IXBn2AO,Testing,Port
ECO-000000068,9QLKY000000ACRa4AO,GeneratorSet,0dSKY000000IXCW2A4,Warranties,Port
ECO-000000069,9QLKY000000ACRa4AO,GeneratorSet,0dSKY000000IXAo2AO,OilSystemOptions,Port
ECO-000000070,9QLKY000000ACRa4AO,GeneratorSet,0dSKY000000IXBp2AO,Testing,Port
ECO-000000071,9QLKY000000ACRa4AO,GeneratorSet,0dSKY000000IXCY2A4,Warranties,Port
ECO-000000072,9QLKY000000ACRa4AO,GeneratorSet,0dSKY000000IXAQ2A4,MainAlternators,Port
ECO-000000073,9QLKY000000ACRa4AO,GeneratorSet,0dSKY000000IXBr2AO,Testing,Port
ECO-000000062,9QLKY000000ACRa4AO,GeneratorSet,0dSKY000000IXCS2A4,Warranties,Port
ECO-000000063,9QLKY000000ACRa4AO,GeneratorSet,0dSKY000000IXAk2AO,OilSystemOptions,Port
ECO-000000074,9QLKY000000ACRa4AO,GeneratorSet,0dSKY000000IX9j2AG,MainAlternators,Port
ECO-000000075,9QLKY000000ACRa4AO,GeneratorSet,0dSKY000000IXCa2AO,Literatures,Port
ECO-000000076,9QLKY000000ACRa4AO,GeneratorSet,0dSKY000000IXAS2A4,MainAlternators,Port
ECO-000000077,9QLKY000000ACRa4AO,GeneratorSet,0dSKY000000IXBt2AO,Testing,Port
ECO-000000078,9QLKY000000ACRa4AO,GeneratorSet,0dSKY000000IX9l2AG,MainAlternators,Port
ECO-000000079,9QLKY000000ACRa4AO,GeneratorSet,0dSKY000000IXCM2A4,Warranties,Port
ECO-000000080,9QLKY000000ACRa4AO,GeneratorSet,0dSKY000000IXAU2A4,MainAlternators,Port
ECO-000000081,9QLKY000000ACRa4AO,GeneratorSet,0dSKY000000IXCc2AO,Literatures,Port
ECO-000000082,9QLKY000000ACRa4AO,GeneratorSet,0dSKY000000IXAq2AO,FuelFilters,Port
ECO-000000083,9QLKY000000ACRa4AO,GeneratorSet,0dSKY000000IXCe2AO,Literatures,Port
ECO-000000084,9QLKY000000ACRa4AO,GeneratorSet,0dSKY000000IX9n2AG,MainAlternators,Port
ECO-000000085,9QLKY000000ACRa4AO,GeneratorSet,0dSKY000000IXAT2A4,FuelSystemOptions,Port
ECO-000000086,9QLKY000000ACRa4AO,GeneratorSet,0dSKY000000IXAW2A4,MainAlternators,Port
ECO-000000087,9QLKY000000ACRa4AO,GeneratorSet,0dSKY000000IX9p2AG,MainAlternators,Port
ECO-000000088,9QLKY000000ACRa4AO,GeneratorSet,0dSKY000000IXAY2A4,MainAlternators,Port
ECO-000000089,9QLKY000000ACRa4AO,GeneratorSet,0dSKY000000IXAu2AO,CoolantHeaters,Port
ECO-000000090,9QLKY000000ACRa4AO,GeneratorSet,0dSKY000000IX9r2AG,MainAlternators,Port
ECO-000000091,9QLKY000000ACRa4AO,GeneratorSet,0dSKY000000IXB02AO,CoolingSystems,Port
ECO-000000092,9QLKY000000ACRa4AO,GeneratorSet,0dSKY000000IX9t2AG,MainAlternators,Port
ECO-000000093,9QLKY000000ACRa4AO,GeneratorSet,0dSKY000000IXAy2AO,CoolingSystems,Port
ECO-000000094,9QLKY000000ACRa4AO,GeneratorSet,0dSKY000000IXAw2AO,CoolantHeaters,Port
ECO-000000096,9QLKY000000ACRa4AO,GeneratorSet,0dSKY000000IXB22AO,CoolingSystems,Port
ECO-000000207,9QLKY000000ACRa4AO,GeneratorSet,0dSKY000000IXD72AO,installation,Port
ECO-000000208,9QLKY000000ACRa4AO,GeneratorSet,0dSKY000000IXD82AO,Accessories,Port
ECO-000000209,9QLKY000000ACRa4AO,GeneratorSet,0dSKY000000IXD92AO,mischardware,Port
ECO-000000210,9QLKY000000ACRa4AO,GeneratorSet,0dSKY000000IXDA2A4,Accessories,Port
ECO-000000211,9QLKY000000ACRa4AO,GeneratorSet,0dSKY000000IXDB2A4,mischardware,Port
ECO-000000212,9QLKY000000ACRa4AO,GeneratorSet,0dSKY000000IXCL2A4,Warranties,Port
ECO-000000213,9QLKY000000ACRa4AO,GeneratorSet,0dSKY000000IXDC2A4,Accessories,Port
ECO-000000214,9QLKY000000ACRa4AO,GeneratorSet,0dSKY000000IXCK2A4,Warranties,Port
ECO-000000215,9QLKY000000ACRa4AO,GeneratorSet,0dSKY000000IXCN2A4,Accessories,Port
ECO-000000216,9QLKY000000ACRa4AO,GeneratorSet,0dSKY000000IXCP2A4,Accessories,Port
ECO-000000218,9QLKY000000ACRa4AO,GeneratorSet,0dSKY000000IXCT2A4,Accessories,Port
ECO-000000217,9QLKY000000ACRa4AO,GeneratorSet,0dSKY000000IXCR2A4,Accessories,Port
ECO-000000219,9QLKY000000ACRa4AO,GeneratorSet,0dSKY000000IXCV2A4,Accessories,Port
ECO-000000220,9QLKY000000ACRa4AO,GeneratorSet,0dSKY000000IXCX2A4,Accessories,Port
ECO-000000221,9QLKY000000ACRa4AO,GeneratorSet,0dSKY000000IXCZ2A4,Accessories,Port
ECO-000000222,9QLKY000000ACRa4AO,GeneratorSet,0dSKY000000IXCb2AO,Accessories,Port
ECO-000000223,9QLKY000000ACRa4AO,GeneratorSet,0dSKY000000IXCd2AO,Accessories,Port
ECO-000000224,9QLKY000000ACRa4AO,GeneratorSet,0dSKY000000IXCf2AO,Accessories,Port
ECO-000000225,9QLKY000000ACRa4AO,GeneratorSet,0dSKY000000IXCh2AO,Accessories,Port
ECO-000000226,9QLKY000000ACRa4AO,GeneratorSet,0dSKY000000IXCj2AO,Accessories,Port
ECO-000000227,9QLKY000000ACRa4AO,GeneratorSet,0dSKY000000IXCl2AO,Accessories,Port
ECO-000000228,9QLKY000000ACRa4AO,GeneratorSet,0dSKY000000IXCp2AO,Accessories,Port
ECO-000000229,9QLKY000000ACRa4AO,GeneratorSet,0dSKY000000IXCr2AO,Accessories,Port
ECO-000000230,9QLKY000000ACRa4AO,GeneratorSet,0dSKY000000IXDD2A4,mischardware,Port
ECO-000000231,9QLKY000000ACRa4AO,GeneratorSet,01tKY000002yTBEYA2,GeneralModel900,Type
ECO-000000232,9QLKY000000ACRa4AO,GeneratorSet,01tKY000002yTC4YAM,FESBA_BB23_2,Type
ECO-000000233,9QLKY000000ACRa4AO,GeneratorSet,01tKY000002yTBFYA2,GeneralModel1200,Type
ECO-000000234,9QLKY000000ACRa4AO,GeneratorSet,01tKY000002yTBaYAM,FESBA_B601_2,Type
ECO-000000235,9QLKY000000ACRa4AO,GeneratorSet,01tKY000002yTBHYA2,GeneralModel1750,Type
ECO-000000236,9QLKY000000ACRa4AO,GeneratorSet,01tKY000002yTC1YAM,FESBA_BB17_2,Type
ECO-000000237,9QLKY000000ACRa4AO,GeneratorSet,01tKY000002yTBGYA2,GeneralModel1500,Type
ECO-000000238,9QLKY000000ACRa4AO,GeneratorSet,01tKY000002yTBbYAM,FESBA_B602_2,Type
ECO-000000239,9QLKY000000ACRa4AO,GeneratorSet,01tKY000002yTBIYA2,GeneralModel2500,Type
ECO-000000240,9QLKY000000ACRa4AO,GeneratorSet,01tKY000002yTC2YAM,FESBA_BB18_2,Type
ECO-000000241,9QLKY000000ACRa4AO,GeneratorSet,01tKY000002yTB1YAM,GeneratorSet,Type
ECO-000000242,9QLKY000000ACRa4AO,GeneratorSet,01tKY000002yTBcYAM,FESBA_B603_2,Type
ECO-000000243,9QLKY000000ACRa4AO,GeneratorSet,01tKY000002yTBJYA2,VoltageConnection_220_380,Type
ECO-000000244,9QLKY000000ACRa4AO,GeneratorSet,01tKY000002yTC3YAM,FESBA_BB20_2,Type
ECO-000000245,9QLKY000000ACRa4AO,GeneratorSet,01tKY000002yTBKYA2,VoltageConnection_240_416,Type
ECO-000000246,9QLKY000000ACRa4AO,GeneratorSet,01tKY000002yTBdYAM,FESBA_B604_2,Type
ECO-000000247,9QLKY000000ACRa4AO,GeneratorSet,01tKY000002yTBlYAM,FESBA_B691_2,Type
ECO-000000248,9QLKY000000ACRa4AO,GeneratorSet,01tKY000002yTBeYAM,FESBA_B607_2,Type
ECO-000000252,9QLKY000000ACRa4AO,GeneratorSet,01tKY000002yTBWYA2,FESBA_B595_2,Type
ECO-000000253,9QLKY000000ACRa4AO,GeneratorSet,01tKY000002yTBMYA2,VoltageConnection_277_480,Type
ECO-000000254,9QLKY000000ACRa4AO,GeneratorSet,01tKY000002yTBxYAM,FESBA_BB10_2,Type
ECO-000000255,9QLKY000000ACRa4AO,GeneratorSet,01tKY000002yTBnYAM,FESBA_B801_2,Type
ECO-000000256,9QLKY000000ACRa4AO,GeneratorSet,01tKY000002yTBQYA2,VoltageConnection_7621_13200,Type
ECO-000000257,9QLKY000000ACRa4AO,GeneratorSet,01tKY000002yTBNYA2,VoltageConnection_347_600,Type
ECO-000000258,9QLKY000000ACRa4AO,GeneratorSet,01tKY000002yTBOYA2,VoltageConnection_2400_4160,Type
ECO-000000259,9QLKY000000ACRa4AO,GeneratorSet,01tKY000002yTBoYAM,FESBA_B816_2,Type
ECO-000000261,9QLKY000000ACRa4AO,GeneratorSet,01tKY000002yTBpYAM,FESBA_B817_2,Type
ECO-000000249,9QLKY000000ACRa4AO,GeneratorSet,01tKY000002yTBLYA2,VoltageConnection_255_440,Type
ECO-000000250,9QLKY000000ACRa4AO,GeneratorSet,01tKY000002yTBwYAM,FESBA_BB08_2,Type
ECO-000000251,9QLKY000000ACRa4AO,GeneratorSet,01tKY000002yTBmYAM,FESBA_B715_2,Type
ECO-000000260,9QLKY000000ACRa4AO,GeneratorSet,01tKY000002yTBRYA2,VoltageConnection_7976_13800,Type
ECO-000000262,9QLKY000000ACRa4AO,GeneratorSet,01tKY000002yTBPYA2,VoltageConnection_7200_12470,Type
ECO-000000263,9QLKY000000ACRa4AO,GeneratorSet,01tKY000002yTBqYAM,FESBA_B903_2,Type
ECO-000000264,9QLKY000000ACRa4AO,GeneratorSet,01tKY000002yTBrYAM,FESBA_B904_2,Type
ECO-000000265,9QLKY000000ACRa4AO,GeneratorSet,01tKY000002yTBsYAM,FESBA_B905_2,Type
ECO-000000266,9QLKY000000ACRa4AO,GeneratorSet,01tKY000002yTBSYA2,FESBA_B313_2,Type
ECO-000000267,9QLKY000000ACRa4AO,GeneratorSet,01tKY000002yTBtYAM,FESBA_B906_2,Type
ECO-000000268,9QLKY000000ACRa4AO,GeneratorSet,01tKY000002yTBTYA2,FESBA_B448_2,Type
ECO-000000269,9QLKY000000ACRa4AO,GeneratorSet,01tKY000002yTBuYAM,FESBA_B907_2,Type
ECO-000000270,9QLKY000000ACRa4AO,GeneratorSet,01tKY000002yTCmYAM,EntranceBox_Left_LV,Type
ECO-000000271,9QLKY000000ACRa4AO,GeneratorSet,01tKY000002yTBUYA2,FESBA_B467_2,Type
ECO-000000272,9QLKY000000ACRa4AO,GeneratorSet,01tKY000002yTBvYAM,FESBA_B909_2,Type
ECO-000000273,9QLKY000000ACRa4AO,GeneratorSet,01tKY000002yTCZYA2,PMG,Type
ECO-000000274,9QLKY000000ACRa4AO,GeneratorSet,01tKY000002yTBVYA2,FESBA_B567_2,Type
ECO-000000275,9QLKY000000ACRa4AO,GeneratorSet,01tKY000002yTBXYA2,FESBA_B598_2,Type
ECO-000000276,9QLKY000000ACRa4AO,GeneratorSet,01tKY000002yTCbYAM,OutputTerminals2HoleLugNEMA,Type
ECO-000000277,9QLKY000000ACRa4AO,GeneratorSet,01tKY000002yTByYAM,FESBA_BB12_2,Type
ECO-000000278,9QLKY000000ACRa4AO,GeneratorSet,01tKY000002yTBYYA2,FESBA_B599_2,Type
ECO-000000279,9QLKY000000ACRa4AO,GeneratorSet,01tKY000002yTBzYAM,FESBA_BB14_2,Type
ECO-000000280,9QLKY000000ACRa4AO,GeneratorSet,01tKY000002yTBZYA2,FESBA_B600_2,Type
ECO-000000281,9QLKY000000ACRa4AO,GeneratorSet,01tKY000002yTC0YAM,FESBA_BB15_2,Type
ECO-000000321,9QLKY000000ACRa4AO,GeneratorSet,01tKY000002yTC9YAM,FESBA_BC05_2,Type
ECO-000000322,9QLKY000000ACRa4AO,GeneratorSet,01tKY000002yTBjYAM,FESBA_B664_2,Type
ECO-000000323,9QLKY000000ACRa4AO,GeneratorSet,01tKY000002yTCKYA2,CoolantHeater,Type
ECO-000000324,9QLKY000000ACRa4AO,GeneratorSet,01tKY000002yTBkYAM,FESBA_B688_2,Type
ECO-000000328,9QLKY000000ACRa4AO,GeneratorSet,01tKY000002yTCQYA2,CoolingSystemConnection,Type
ECO-000000329,9QLKY000000ACRa4AO,GeneratorSet,01tKY000002yTCSYA2,CoolingSystemProtection,Type
ECO-000000330,9QLKY000000ACRa4AO,GeneratorSet,01tKY000002yTClYAM,TerminalHousing_Top_MV_HV,Type
ECO-000000331,9QLKY000000ACRa4AO,GeneratorSet,01tKY000002yTCRYA2,CoolingSystemProtection,Type
ECO-000000332,9QLKY000000ACRa4AO,GeneratorSet,01tKY000002yTDNYA2,ControlOption,Type
ECO-000000333,9QLKY000000ACRa4AO,GeneratorSet,01tKY000002yTDQYA2,ControlOption,Type
ECO-000000334,9QLKY000000ACRa4AO,GeneratorSet,01tKY000002yTCnYAM,TerminalBox_Left_LV,Type
ECO-000000335,9QLKY000000ACRa4AO,GeneratorSet,01tKY000002yTDRYA2,ControlOption,Type
ECO-000000336,9QLKY000000ACRa4AO,GeneratorSet,01tKY000002yTDMYA2,ControlOption,Type
ECO-000000325,9QLKY000000ACRa4AO,GeneratorSet,01tKY000002yTCMYA2,NoneSuppliedRemoteCooling,Type
ECO-000000326,9QLKY000000ACRa4AO,GeneratorSet,01tKY000002yTCLYA2,CoolantHeater,Type
ECO-000000327,9QLKY000000ACRa4AO,GeneratorSet,01tKY000002yTCNYA2,EngineCoolingHighAmbientAirTemperature,Type
ECO-000000337,9QLKY000000ACRa4AO,GeneratorSet,01tKY000002yTDOYA2,ControlOption,Type
ECO-000000338,9QLKY000000ACRa4AO,GeneratorSet,01tKY000002yTDPYA2,ControlOption,Type
ECO-000000339,9QLKY000000ACRa4AO,GeneratorSet,01tKY000002yTDLYA2,ControlCabinetHeater,Type
ECO-000000340,9QLKY000000ACRa4AO,GeneratorSet,01tKY000002yTCTYA2,StatorTemperatureSensor,Type
ECO-000000341,9QLKY000000ACRa4AO,GeneratorSet,01tKY000002yTDKYA2,Control,Type
ECO-000000342,9QLKY000000ACRa4AO,GeneratorSet,01tKY000002yTCUYA2,BearingTemperatureSensor,Type
ECO-000000343,9QLKY000000ACRa4AO,GeneratorSet,01tKY000002yTCoYAM,CircuitBreaker_Left,Type
ECO-000000344,9QLKY000000ACRa4AO,GeneratorSet,01tKY000002yTDJYA2,Control,Type
ECO-000000345,9QLKY000000ACRa4AO,GeneratorSet,01tKY000002yTCVYA2,Heater_120,Type
ECO-000000346,9QLKY000000ACRa4AO,GeneratorSet,01tKY000002yTCpYAM,CircuitBreaker_Left,Type
ECO-000000347,9QLKY000000ACRa4AO,GeneratorSet,01tKY000002yTEDYA2,Literature,Type
ECO-000000348,9QLKY000000ACRa4AO,GeneratorSet,01tKY000002yTCWYA2,Heater_240,Type
ECO-000000349,9QLKY000000ACRa4AO,GeneratorSet,01tKY000002yTCqYAM,CircuitBreaker_Left,Type
ECO-000000350,9QLKY000000ACRa4AO,GeneratorSet,01tKY000002yTDpYAM,WarrantyCommon,Type
ECO-000000351,9QLKY000000ACRa4AO,GeneratorSet,01tKY000002yTCyYAM,EntranceBox_Right,Type
ECO-000000352,9QLKY000000ACRa4AO,GeneratorSet,01tKY000002yTCrYAM,CircuitBreaker_Left,Type
ECO-000000353,9QLKY000000ACRa4AO,GeneratorSet,01tKY000002yTCYYA2,Heater_110_220,Type
ECO-000000354,9QLKY000000ACRa4AO,GeneratorSet,01tKY000002yTEPYA2,PackagingForShipment,Type
ECO-000000355,9QLKY000000ACRa4AO,GeneratorSet,01tKY000002yTCsYAM,CircuitBreaker_Left,Type
ECO-000000356,9QLKY000000ACRa4AO,GeneratorSet,01tKY000002yTCzYAM,EntranceBox_Right_LV,Type
ECO-000000357,9QLKY000000ACRa4AO,GeneratorSet,01tKY000002yTD0YAM,TerminalBox_Right_LV,Type
ECO-000000358,9QLKY000000ACRa4AO,GeneratorSet,01tKY000002yTCtYAM,CircuitBreaker_Left,Type
ECO-000000359,9QLKY000000ACRa4AO,GeneratorSet,01tKY000002yTCaYAM,BearingHardenedCartridge,Type
ECO-000000360,9QLKY000000ACRa4AO,GeneratorSet,01tKY000002yTCcYAM,DifferentialCT_P7,Type
ECO-000000361,9QLKY000000ACRa4AO,GeneratorSet,01tKY000002yTCuYAM,CircuitBreaker_Left,Type
ECO-000000364,9QLKY000000ACRa4AO,GeneratorSet,01tKY000002yTCvYAM,LoadConnectionBasic_Left,Type
ECO-000000365,9QLKY000000ACRa4AO,GeneratorSet,01tKY000002yTCfYAM,HousingArrangement_Left,Type
ECO-000000366,9QLKY000000ACRa4AO,GeneratorSet,01tKY000002yTCgYAM,HousingArrangement_Right,Type
ECO-000000367,9QLKY000000ACRa4AO,GeneratorSet,01tKY000002yTCwYAM,LoadConnectionBasic_Left,Type
ECO-000000369,9QLKY000000ACRa4AO,GeneratorSet,01tKY000002yTCiYAM,TerminalHousing_Bottom_LV,Type
ECO-000000368,9QLKY000000ACRa4AO,GeneratorSet,01tKY000002yTChYAM,HousingArrangement_LeftRight,Type
ECO-000000370,9QLKY000000ACRa4AO,GeneratorSet,01tKY000002yTCxYAM,LoadConnectionChute_Left,Type
ECO-000000371,9QLKY000000ACRa4AO,GeneratorSet,01tKY000002yTCjYAM,TerminalHousing_Top_LV,Type
ECO-000000372,9QLKY000000ACRa4AO,GeneratorSet,01tKY000002yTCkYAM,TerminalHousing_Bottom_MV_HV,Type
ECO-000000373,9QLKY000000ACRa4AO,GeneratorSet,01tKY000002yTD1YAM,CircuitBreaker_Right,Type
ECO-000000362,9QLKY000000ACRa4AO,GeneratorSet,01tKY000002yTCdYAM,DifferentialCT_P80,Type
ECO-000000363,9QLKY000000ACRa4AO,GeneratorSet,01tKY000002yTCeYAM,BoxArrangement_None,Type
ECO-000000374,9QLKY000000ACRa4AO,GeneratorSet,01tKY000002yTD2YAM,CircuitBreaker_Right,Type
ECO-000000375,9QLKY000000ACRa4AO,GeneratorSet,01tKY000002yTD3YAM,CircuitBreaker_Right,Type
ECO-000000376,9QLKY000000ACRa4AO,GeneratorSet,01tKY000002yTD7YAM,CircuitBreaker_Right,Type
ECO-000000377,9QLKY000000ACRa4AO,GeneratorSet,01tKY000002yTD6YAM,CircuitBreaker_Right,Type
ECO-000000379,9QLKY000000ACRa4AO,GeneratorSet,01tKY000002yTD5YAM,CircuitBreaker_Right,Type
ECO-000000378,9QLKY000000ACRa4AO,GeneratorSet,01tKY000002yTD4YAM,CircuitBreaker_Right,Type
ECO-000000380,9QLKY000000ACRa4AO,GeneratorSet,01tKY000002yTD9YAM,LoadConnectionBasic_Right,Type
ECO-000000381,9QLKY000000ACRa4AO,GeneratorSet,01tKY000002yTD8YAM,LoadConnectionBasic_Right,Type
ECO-000000382,9QLKY000000ACRa4AO,GeneratorSet,01tKY000002yTDAYA2,LoadConnectionChute_Right,Type
ECO-000000421,9QLKY000000ACRa4AO,GeneratorSet,01tKY000002yTDqYAM,Warranty_ESP,Type
ECO-000000422,9QLKY000000ACRa4AO,GeneratorSet,01tKY000002yTEMYA2,Literature,Type
ECO-000000423,9QLKY000000ACRa4AO,GeneratorSet,01tKY000002yTDtYAM,Warranty_ESP,Type
ECO-000000424,9QLKY000000ACRa4AO,GeneratorSet,01tKY000002yTEmYAM,Enclosure_SA2,Type
ECO-000000425,9QLKY000000ACRa4AO,GeneratorSet,01tKY000002yTDsYAM,Warranty_ESP,Type
ECO-000000426,9QLKY000000ACRa4AO,GeneratorSet,01tKY000002yTENYA2,Literature,Type
ECO-000000427,9QLKY000000ACRa4AO,GeneratorSet,01tKY000002yTDuYAM,Warranty_ESP,Type
ECO-000000428,9QLKY000000ACRa4AO,GeneratorSet,01tKY000002yTEnYAM,Enclosure_SA3,Type
ECO-000000429,9QLKY000000ACRa4AO,GeneratorSet,01tKY000002yTDwYAM,Warranty_ESP,Type
ECO-000000430,9QLKY000000ACRa4AO,GeneratorSet,01tKY000002yTEOYA2,Literature,Type
ECO-000000431,9QLKY000000ACRa4AO,GeneratorSet,01tKY000002yTEYYA2,Accessory,Type
ECO-000000432,9QLKY000000ACRa4AO,GeneratorSet,01tKY000002yTE0YAM,Warranty_PRP,Type
ECO-000000433,9QLKY000000ACRa4AO,GeneratorSet,01tKY000002yTEpYAM,engineer,Type
ECO-000000434,9QLKY000000ACRa4AO,GeneratorSet,01tKY000002yTEQYA2,Accessory,Type
ECO-000000435,9QLKY000000ACRa4AO,GeneratorSet,01tKY000002yTDzYAM,Warranty_PRP,Type
ECO-000000436,9QLKY000000ACRa4AO,GeneratorSet,01tKY000002yTEqYAM,engineer,Type
ECO-000000440,9QLKY000000ACRa4AO,GeneratorSet,01tKY000002yTEsYAM,misc,Type
ECO-000000441,9QLKY000000ACRa4AO,GeneratorSet,01tKY000002yTESYA2,Accessory,Type
ECO-000000442,9QLKY000000ACRa4AO,GeneratorSet,01tKY000002yTE2YAM,Warranty_DCC,Type
ECO-000000443,9QLKY000000ACRa4AO,GeneratorSet,01tKY000002yTEtYAM,misc,Type
ECO-000000444,9QLKY000000ACRa4AO,GeneratorSet,01tKY000002yTE1YAM,Warranty_DCC,Type
ECO-000000445,9QLKY000000ACRa4AO,GeneratorSet,01tKY000002yTETYA2,Accessory,Type
ECO-000000383,9QLKY000000ACRa4AO,GeneratorSet,01tKY000002yTDHYA2,CircuitBreakerLug_Right,Type
ECO-000000384,9QLKY000000ACRa4AO,GeneratorSet,01tKY000002yTDDYA2,GroundFault_Right,Type
ECO-000000385,9QLKY000000ACRa4AO,GeneratorSet,01tKY000002yTDIYA2,GroundFault_None,Type
ECO-000000437,9QLKY000000ACRa4AO,GeneratorSet,01tKY000002yTEhYAM,Accessory,Type
ECO-000000438,9QLKY000000ACRa4AO,GeneratorSet,01tKY000002yTErYAM,install,Type
ECO-000000439,9QLKY000000ACRa4AO,GeneratorSet,01tKY000002yTERYA2,Accessory,Type
ECO-000000386,9QLKY000000ACRa4AO,GeneratorSet,01tKY000002yTDFYA2,CircuitBreakerAccess_Left,Type
ECO-000000387,9QLKY000000ACRa4AO,GeneratorSet,01tKY000002yTDEYA2,CircuitBreakerAccess_Right,Type
ECO-000000388,9QLKY000000ACRa4AO,GeneratorSet,01tKY000002yTDCYA2,GroundFault_Left,Type
ECO-000000389,9QLKY000000ACRa4AO,GeneratorSet,01tKY000002yTDGYA2,CircuitBreakerLug_Left,Type
ECO-000000390,9QLKY000000ACRa4AO,GeneratorSet,01tKY000002yTDBYA2,GroundFault_Basic,Type
ECO-000000391,9QLKY000000ACRa4AO,GeneratorSet,01tKY000002yTDSYA2,ControlOptionAux,Type
ECO-000000392,9QLKY000000ACRa4AO,GeneratorSet,01tKY000002yTDUYA2,ControlOptionAuxAddon,Type
ECO-000000393,9QLKY000000ACRa4AO,GeneratorSet,01tKY000002yTDTYA2,ControlOptionAuxAddon,Type
ECO-000000394,9QLKY000000ACRa4AO,GeneratorSet,01tKY000002yTDVYA2,StandardFactoryTest,Type
ECO-000000395,9QLKY000000ACRa4AO,GeneratorSet,01tKY000002yTDlYAM,TestRecord,Type
ECO-000000396,9QLKY000000ACRa4AO,GeneratorSet,01tKY000002yTDWYA2,TestRecord,Type
ECO-000000397,9QLKY000000ACRa4AO,GeneratorSet,01tKY000002yTDmYAM,TestRecord,Type
ECO-000000398,9QLKY000000ACRa4AO,GeneratorSet,01tKY000002yTDyYAM,Warranty_ESP,Type
ECO-000000399,9QLKY000000ACRa4AO,GeneratorSet,01tKY000002yTDoYAM,TestRecord,Type
ECO-000000400,9QLKY000000ACRa4AO,GeneratorSet,01tKY000002yTDnYAM,TestRecord,Type
ECO-000000401,9QLKY000000ACRa4AO,GeneratorSet,01tKY000002yTDXYA2,WitnessTest,Type
ECO-000000402,9QLKY000000ACRa4AO,GeneratorSet,01tKY000002yTDaYAM,WitnessTestService,Type
ECO-000000403,9QLKY000000ACRa4AO,GeneratorSet,01tKY000002yTDcYAM,WitnessTestService,Type
ECO-000000404,9QLKY000000ACRa4AO,GeneratorSet,01tKY000002yTDYYA2,WitnessTestService,Type
ECO-000000405,9QLKY000000ACRa4AO,GeneratorSet,01tKY000002yTDZYA2,WitnessTestService,Type
ECO-000000406,9QLKY000000ACRa4AO,GeneratorSet,01tKY000002yTEoYAM,engineer,Type
ECO-000000407,9QLKY000000ACRa4AO,GeneratorSet,01tKY000002yTDbYAM,WitnessTestService,Type
ECO-000000408,9QLKY000000ACRa4AO,GeneratorSet,01tKY000002yTEEYA2,Literature,Type
ECO-000000410,9QLKY000000ACRa4AO,GeneratorSet,01tKY000002yTEGYA2,Literature,Type
ECO-000000411,9QLKY000000ACRa4AO,GeneratorSet,01tKY000002yTEHYA2,Literature,Type
ECO-000000415,9QLKY000000ACRa4AO,GeneratorSet,01tKY000002yTEKYA2,Literature,Type
ECO-000000416,9QLKY000000ACRa4AO,GeneratorSet,01tKY000002yTDvYAM,Warranty_ESP,Type
ECO-000000417,9QLKY000000ACRa4AO,GeneratorSet,01tKY000002yTEvYAM,Enclosure_Weather,Type
ECO-000000418,9QLKY000000ACRa4AO,GeneratorSet,01tKY000002yTDrYAM,Warranty_ESP,Type
ECO-000000419,9QLKY000000ACRa4AO,GeneratorSet,01tKY000002yTELYA2,Literature,Type
ECO-000000420,9QLKY000000ACRa4AO,GeneratorSet,01tKY000002yTElYAM,Enclosure_SA1,Type
ECO-000000446,9QLKY000000ACRa4AO,GeneratorSet,01tKY000002yTEUYA2,Accessory,Type
ECO-000000447,9QLKY000000ACRa4AO,GeneratorSet,01tKY000002yTEVYA2,Accessory,Type
ECO-000000448,9QLKY000000ACRa4AO,GeneratorSet,01tKY000002yTEWYA2,Accessory,Type
ECO-000000412,9QLKY000000ACRa4AO,GeneratorSet,01tKY000002yTEIYA2,Literature,Type
ECO-000000413,9QLKY000000ACRa4AO,GeneratorSet,01tKY000002yTEJYA2,Literature,Type
ECO-000000414,9QLKY000000ACRa4AO,GeneratorSet,01tKY000002yTDxYAM,Warranty_ESP,Type
ECO-000000449,9QLKY000000ACRa4AO,GeneratorSet,01tKY000002yTEXYA2,Accessory,Type
ECO-000000450,9QLKY000000ACRa4AO,GeneratorSet,01tKY000002yTEZYA2,Accessory,Type
ECO-000000451,9QLKY000000ACRa4AO,GeneratorSet,01tKY000002yTEaYAM,Accessory,Type
ECO-000000452,9QLKY000000ACRa4AO,GeneratorSet,01tKY000002yTEbYAM,Accessory,Type
ECO-000000453,9QLKY000000ACRa4AO,GeneratorSet,01tKY000002yTEcYAM,Accessory,Type
ECO-000000454,9QLKY000000ACRa4AO,GeneratorSet,01tKY000002yTEdYAM,Accessory,Type
ECO-000000455,9QLKY000000ACRa4AO,GeneratorSet,01tKY000002yTEeYAM,Accessory,Type
ECO-000000456,9QLKY000000ACRa4AO,GeneratorSet,01tKY000002yTEfYAM,Accessory,Type
ECO-000000457,9QLKY000000ACRa4AO,GeneratorSet,01tKY000002yTEgYAM,Accessory,Type
ECO-000000458,9QLKY000000ACRa4AO,GeneratorSet,01tKY000002yTEiYAM,Accessory,Type
ECO-000000459,9QLKY000000ACRa4AO,GeneratorSet,01tKY000002yTEjYAM,Accessory,Type
ECO-000000460,9QLKY000000ACRa4AO,GeneratorSet,01tKY000002yTEkYAM,Enclosure_None,Type
ECO-000000461,9QLKY000000ACRa4AO,GeneratorSet,01tKY000002yTEuYAM,misc,Type
ECO-000000409,9QLKY000000ACRa4AO,GeneratorSet,01tKY000002yTEFYA2,Literature,Type
ECO-000000001,9QLKY000000ACRa4AO,GeneratorSet,0dSKY000000IX9i2AG,GeneralModels,Port
ECO-000000002,9QLKY000000ACRa4AO,GeneratorSet,0dSKY000000IXAO2A4,MainAlternators,Port
ECO-000000003,9QLKY000000ACRa4AO,GeneratorSet,0dSKY000000IX9k2AG,GeneralModels,Port
ECO-000000005,9QLKY000000ACRa4AO,GeneratorSet,0dSKY000000IX9m2AG,GeneralModels,Port
ECO-000000004,9QLKY000000ACRa4AO,GeneratorSet,0dSKY000000IX9d2AG,MainAlternators,Port
ECO-000000006,9QLKY000000ACRa4AO,GeneratorSet,0dSKY000000IXAK2A4,MainAlternators,Port
ECO-000000007,9QLKY000000ACRa4AO,GeneratorSet,0dSKY000000IX9o2AG,GeneralModels,Port
ECO-000000008,9QLKY000000ACRa4AO,GeneratorSet,0dSKY000000IX9e2AG,MainAlternators,Port
ECO-000000009,9QLKY000000ACRa4AO,GeneratorSet,0dSKY000000IX9q2AG,GeneralModels,Port
ECO-000000010,9QLKY000000ACRa4AO,GeneratorSet,0dSKY000000IXAL2A4,MainAlternators,Port
ECO-000000011,9QLKY000000ACRa4AO,GeneratorSet,0dSKY000000IX9s2AG,VoltageConnections,Port
ECO-000000012,9QLKY000000ACRa4AO,GeneratorSet,0dSKY000000IX9f2AG,MainAlternators,Port
ECO-000000014,9QLKY000000ACRa4AO,GeneratorSet,0dSKY000000IXAM2A4,MainAlternators,Port
ECO-000000015,9QLKY000000ACRa4AO,GeneratorSet,0dSKY000000IX9v2AG,MainAlternators,Port
ECO-000000016,9QLKY000000ACRa4AO,GeneratorSet,0dSKY000000IX9g2AG,MainAlternators,Port
ECO-000000017,9QLKY000000ACRa4AO,GeneratorSet,0dSKY000000IX9w2AG,VoltageConnections,Port
ECO-000000018,9QLKY000000ACRa4AO,GeneratorSet,0dSKY000000IX9h2AG,MainAlternators,Port
ECO-000000019,9QLKY000000ACRa4AO,GeneratorSet,0dSKY000000IX9x2AG,MainAlternators,Port
ECO-000000021,9QLKY000000ACRa4AO,GeneratorSet,0dSKY000000IX9y2AG,VoltageConnections,Port
ECO-000000020,9QLKY000000ACRa4AO,GeneratorSet,0dSKY000000IXAF2A4,MainAlternators,Port
ECO-000000097,9QLKY000000ACRa4AO,GeneratorSet,0dSKY000000IXBA2A4,CoolingSystemProtections,Port
ECO-000000098,9QLKY000000ACRa4AO,GeneratorSet,0dSKY000000IXB62AO,CoolingSystemConnections,Port
ECO-000000013,9QLKY000000ACRa4AO,GeneratorSet,0dSKY000000IX9u2AG,VoltageConnections,Port
ECO-000000099,9QLKY000000ACRa4AO,GeneratorSet,0dSKY000000IXAv2AO,BoxArrangements,Port
ECO-000000100,9QLKY000000ACRa4AO,GeneratorSet,0dSKY000000IXB82AO,CoolingSystemProtections,Port
ECO-000000101,9QLKY000000ACRa4AO,GeneratorSet,0dSKY000000IXAz2AO,CircuitBreakersOrTerminalBoxes,Port
ECO-000000102,9QLKY000000ACRa4AO,GeneratorSet,0dSKY000000IXBy2AO,ControlOptions,Port
ECO-000000103,9QLKY000000ACRa4AO,GeneratorSet,0dSKY000000IXC82AO,ControlOptions,Port
ECO-000000104,9QLKY000000ACRa4AO,GeneratorSet,0dSKY000000IXC62AO,ControlOptions,Port
ECO-000000105,9QLKY000000ACRa4AO,GeneratorSet,0dSKY000000IXC22AO,ControlOptions,Port
ECO-000000106,9QLKY000000ACRa4AO,GeneratorSet,0dSKY000000IXC02AO,ControlOptions,Port
ECO-000000107,9QLKY000000ACRa4AO,GeneratorSet,0dSKY000000IXC42AO,ControlOptions,Port
ECO-000000108,9QLKY000000ACRa4AO,GeneratorSet,0dSKY000000IXCC2A4,ControlOptions,Port
ECO-000000109,9QLKY000000ACRa4AO,GeneratorSet,0dSKY000000IXCA2A4,ControlOptions,Port
ECO-000000110,9QLKY000000ACRa4AO,GeneratorSet,0dSKY000000IXBN2A4,ControlOptions,Port
ECO-000000111,9QLKY000000ACRa4AO,GeneratorSet,0dSKY000000IXBD2A4,CircuitBreakersOrTerminalBoxes,Port
ECO-000000112,9QLKY000000ACRa4AO,GeneratorSet,0dSKY000000IXBw2AO,ControlCabinetHeaters,Port
ECO-000000113,9QLKY000000ACRa4AO,GeneratorSet,0dSKY000000IXB12AO,CircuitBreakersOrTerminalBoxes,Port
ECO-000000115,9QLKY000000ACRa4AO,GeneratorSet,0dSKY000000IXBu2AO,Controls,Port
ECO-000000114,9QLKY000000ACRa4AO,GeneratorSet,0dSKY000000IXBC2A4,TemperatureSensors,Port
ECO-000000116,9QLKY000000ACRa4AO,GeneratorSet,0dSKY000000IXB32AO,CircuitBreakersOrTerminalBoxes,Port
ECO-000000117,9QLKY000000ACRa4AO,GeneratorSet,0dSKY000000IXAN2A4,TemperatureSensors,Port
ECO-000000118,9QLKY000000ACRa4AO,GeneratorSet,0dSKY000000IXBs2AO,Controls,Port
ECO-000000119,9QLKY000000ACRa4AO,GeneratorSet,0dSKY000000IXB52AO,CircuitBreakersOrTerminalBoxes,Port
ECO-000000120,9QLKY000000ACRa4AO,GeneratorSet,0dSKY000000IXAP2A4,Heaters,Port
ECO-000000121,9QLKY000000ACRa4AO,GeneratorSet,0dSKY000000IXCg2AO,Literatures,Port
ECO-000000122,9QLKY000000ACRa4AO,GeneratorSet,0dSKY000000IXB72AO,CircuitBreakersOrTerminalBoxes,Port
ECO-000000123,9QLKY000000ACRa4AO,GeneratorSet,0dSKY000000IXAR2A4,Heaters,Port
ECO-000000124,9QLKY000000ACRa4AO,GeneratorSet,0dSKY000000IXBH2A4,CircuitBreakersOrTerminalBoxes,Port
ECO-000000128,9QLKY000000ACRa4AO,GeneratorSet,0dSKY000000IXBB2A4,CircuitBreakersOrTerminalBoxes,Port
ECO-000000129,9QLKY000000ACRa4AO,GeneratorSet,0dSKY000000IXD42AO,PackagingsForShipments,Port
ECO-000000131,9QLKY000000ACRa4AO,GeneratorSet,0dSKY000000IXAZ2A4,BearingHardenedCartridges,Port
ECO-000000130,9QLKY000000ACRa4AO,GeneratorSet,0dSKY000000IXCt2AO,Enclosures,Port
ECO-000000132,9QLKY000000ACRa4AO,GeneratorSet,0dSKY000000IXAd2AO,DifferentialCTs,Port
ECO-000000022,9QLKY000000ACRa4AO,GeneratorSet,0dSKY000000IX9Z2AW,MainAlternators,Port
ECO-000000023,9QLKY000000ACRa4AO,GeneratorSet,0dSKY000000IX9z2AG,MainAlternators,Port
ECO-000000024,9QLKY000000ACRa4AO,GeneratorSet,0dSKY000000IXAG2A4,MainAlternators,Port
ECO-000000025,9QLKY000000ACRa4AO,GeneratorSet,0dSKY000000IXA02AO,VoltageConnections,Port
ECO-000000125,9QLKY000000ACRa4AO,GeneratorSet,0dSKY000000IXB92AO,CircuitBreakersOrTerminalBoxes,Port
ECO-000000126,9QLKY000000ACRa4AO,GeneratorSet,0dSKY000000IXC32AO,Warranties,Port
ECO-000000127,9QLKY000000ACRa4AO,GeneratorSet,0dSKY000000IXAV2A4,Heaters,Port
ECO-000000026,9QLKY000000ACRa4AO,GeneratorSet,0dSKY000000IXA62AO,VoltageConnections,Port
ECO-000000027,9QLKY000000ACRa4AO,GeneratorSet,0dSKY000000IXA12AO,MainAlternators,Port
ECO-000000028,9QLKY000000ACRa4AO,GeneratorSet,0dSKY000000IXA22AO,VoltageConnections,Port
ECO-000000029,9QLKY000000ACRa4AO,GeneratorSet,0dSKY000000IXA32AO,MainAlternators,Port
ECO-000000030,9QLKY000000ACRa4AO,GeneratorSet,0dSKY000000IXA42AO,VoltageConnections,Port
ECO-000000031,9QLKY000000ACRa4AO,GeneratorSet,0dSKY000000IXA52AO,MainAlternators,Port
ECO-000000032,9QLKY000000ACRa4AO,GeneratorSet,0dSKY000000IXA72AO,MainAlternators,Port
ECO-000000033,9QLKY000000ACRa4AO,GeneratorSet,0dSKY000000IXA82AO,VoltageConnections,Port
ECO-000000034,9QLKY000000ACRa4AO,GeneratorSet,0dSKY000000IXA92AO,MainAlternators,Port
ECO-000000035,9QLKY000000ACRa4AO,GeneratorSet,0dSKY000000IXAA2A4,MainAlternators,Port
ECO-000000036,9QLKY000000ACRa4AO,GeneratorSet,0dSKY000000IXAB2A4,MainAlternators,Port
ECO-000000037,9QLKY000000ACRa4AO,GeneratorSet,0dSKY000000IXAC2A4,MainAlternators,Port
ECO-000000038,9QLKY000000ACRa4AO,GeneratorSet,0dSKY000000IXAD2A4,MainAlternators,Port
ECO-000000039,9QLKY000000ACRa4AO,GeneratorSet,0dSKY000000IX9X2AW,MainAlternators,Port
ECO-000000040,9QLKY000000ACRa4AO,GeneratorSet,0dSKY000000IXAx2AO,CircuitBreakersOrTerminalBoxes,Port
ECO-000000041,9QLKY000000ACRa4AO,GeneratorSet,0dSKY000000IXAE2A4,MainAlternators,Port
ECO-000000042,9QLKY000000ACRa4AO,GeneratorSet,0dSKY000000IX9Y2AW,MainAlternators,Port
ECO-000000043,9QLKY000000ACRa4AO,GeneratorSet,0dSKY000000IXAX2A4,PMGs,Port
ECO-000000044,9QLKY000000ACRa4AO,GeneratorSet,0dSKY000000IX9a2AG,MainAlternators,Port
ECO-000000045,9QLKY000000ACRa4AO,GeneratorSet,0dSKY000000IXAb2AO,OutputTerminals,Port
ECO-000000046,9QLKY000000ACRa4AO,GeneratorSet,0dSKY000000IXAH2A4,MainAlternators,Port
ECO-000000047,9QLKY000000ACRa4AO,GeneratorSet,0dSKY000000IX9b2AG,MainAlternators,Port
ECO-000000048,9QLKY000000ACRa4AO,GeneratorSet,0dSKY000000IXAs2AO,FuelFilters,Port
ECO-000000049,9QLKY000000ACRa4AO,GeneratorSet,0dSKY000000IXAI2A4,MainAlternators,Port
ECO-000000050,9QLKY000000ACRa4AO,GeneratorSet,0dSKY000000IX9c2AG,MainAlternators,Port
ECO-000000051,9QLKY000000ACRa4AO,GeneratorSet,0dSKY000000IXAa2AO,EngineModels,Port
ECO-000000052,9QLKY000000ACRa4AO,GeneratorSet,0dSKY000000IXAJ2A4,MainAlternators,Port
ECO-000000054,9QLKY000000ACRa4AO,GeneratorSet,0dSKY000000IXAc2AO,AirCleanerDutyRatings,Port
ECO-000000053,9QLKY000000ACRa4AO,GeneratorSet,0dSKY000000IXAe2AO,AirCleanerDutyRatings,Port
ECO-000000055,9QLKY000000ACRa4AO,GeneratorSet,0dSKY000000IXAg2AO,StarterMotors,Port
ECO-000000056,9QLKY000000ACRa4AO,GeneratorSet,0dSKY000000IXBf2AO,Testing,Port
ECO-000000057,9QLKY000000ACRa4AO,GeneratorSet,0dSKY000000IXCO2A4,Warranties,Port
ECO-000000058,9QLKY000000ACRa4AO,GeneratorSet,0dSKY000000IXBh2AO,Testing,Port
ECO-000000133,9QLKY000000ACRa4AO,GeneratorSet,0dSKY000000IXBE2A4,LoadConnections,Port
ECO-000000134,9QLKY000000ACRa4AO,GeneratorSet,0dSKY000000IXAf2AO,DifferentialCTs,Port
ECO-000000135,9QLKY000000ACRa4AO,GeneratorSet,0dSKY000000IXAh2AO,BoxArrangements,Port
ECO-000000136,9QLKY000000ACRa4AO,GeneratorSet,0dSKY000000IXBF2A4,LoadConnections,Port
ECO-000000137,9QLKY000000ACRa4AO,GeneratorSet,0dSKY000000IXAj2AO,BoxArrangements,Port
ECO-000000138,9QLKY000000ACRa4AO,GeneratorSet,0dSKY000000IXAl2AO,BoxArrangements,Port
ECO-000000139,9QLKY000000ACRa4AO,GeneratorSet,0dSKY000000IXBG2A4,LoadConnections,Port
ECO-000000140,9QLKY000000ACRa4AO,GeneratorSet,0dSKY000000IXBU2A4,CircuitBreakersOrTerminalBoxes,Port
ECO-000000141,9QLKY000000ACRa4AO,GeneratorSet,0dSKY000000IXAn2AO,BoxArrangements,Port
ECO-000000142,9QLKY000000ACRa4AO,GeneratorSet,0dSKY000000IXAp2AO,BoxArrangements,Port
ECO-000000143,9QLKY000000ACRa4AO,GeneratorSet,0dSKY000000IXAr2AO,BoxArrangements,Port
ECO-000000144,9QLKY000000ACRa4AO,GeneratorSet,0dSKY000000IXBI2A4,CircuitBreakersOrTerminalBoxes,Port
ECO-000000145,9QLKY000000ACRa4AO,GeneratorSet,0dSKY000000IXAt2AO,BoxArrangements,Port
ECO-000000146,9QLKY000000ACRa4AO,GeneratorSet,0dSKY000000IXBJ2A4,CircuitBreakersOrTerminalBoxes,Port
ECO-000000147,9QLKY000000ACRa4AO,GeneratorSet,0dSKY000000IXBK2A4,CircuitBreakersOrTerminalBoxes,Port
ECO-000000148,9QLKY000000ACRa4AO,GeneratorSet,0dSKY000000IXBL2A4,CircuitBreakersOrTerminalBoxes,Port
ECO-000000149,9QLKY000000ACRa4AO,GeneratorSet,0dSKY000000IXBM2A4,CircuitBreakersOrTerminalBoxes,Port
ECO-000000150,9QLKY000000ACRa4AO,GeneratorSet,0dSKY000000IXBO2A4,CircuitBreakersOrTerminalBoxes,Port
ECO-000000151,9QLKY000000ACRa4AO,GeneratorSet,0dSKY000000IXBQ2A4,CircuitBreakersOrTerminalBoxes,Port
ECO-000000152,9QLKY000000ACRa4AO,GeneratorSet,0dSKY000000IXBS2A4,CircuitBreakersOrTerminalBoxes,Port
ECO-000000153,9QLKY000000ACRa4AO,GeneratorSet,0dSKY000000IXBa2AO,LoadConnections,Port
ECO-000000154,9QLKY000000ACRa4AO,GeneratorSet,0dSKY000000IXBW2A4,LoadConnections,Port
ECO-000000155,9QLKY000000ACRa4AO,GeneratorSet,0dSKY000000IXBY2A4,LoadConnections,Port
ECO-000000156,9QLKY000000ACRa4AO,GeneratorSet,0dSKY000000IXBi2AO,PrimaryElectricalIsolationDeviceOptions,Port
ECO-000000157,9QLKY000000ACRa4AO,GeneratorSet,0dSKY000000IXBg2AO,PrimaryElectricalIsolationDeviceOptions,Port
ECO-000000158,9QLKY000000ACRa4AO,GeneratorSet,0dSKY000000IXBc2AO,PrimaryElectricalIsolationDeviceOptions,Port
ECO-000000159,9QLKY000000ACRa4AO,GeneratorSet,0dSKY000000IXBe2AO,PrimaryElectricalIsolationDeviceOptions,Port
ECO-000000160,9QLKY000000ACRa4AO,GeneratorSet,0dSKY000000IXBo2AO,PrimaryElectricalIsolationDeviceOptions,Port
ECO-000000162,9QLKY000000ACRa4AO,GeneratorSet,0dSKY000000IXBm2AO,PrimaryElectricalIsolationDeviceOptions,Port
ECO-000000163,9QLKY000000ACRa4AO,GeneratorSet,0dSKY000000IXBq2AO,PrimaryElectricalIsolationDeviceOptions,Port
ECO-000000165,9QLKY000000ACRa4AO,GeneratorSet,0dSKY000000IXBV2A4,Testing,Port
ECO-000000164,9QLKY000000ACRa4AO,GeneratorSet,0dSKY000000IXBZ2A4,Testing,Port
ECO-000000166,9QLKY000000ACRa4AO,GeneratorSet,0dSKY000000IXBb2AO,Testing,Port
ECO-000000167,9QLKY000000ACRa4AO,GeneratorSet,0dSKY000000IXCH2A4,Warranties,Port
ECO-000000168,9QLKY000000ACRa4AO,GeneratorSet,0dSKY000000IXBv2AO,Testing,Port
ECO-000000283,9QLKY000000ACRa4AO,GeneratorSet,01tKY000002yTCBYA2,AirCleanerDutyRating,Type
ECO-000000161,9QLKY000000ACRa4AO,GeneratorSet,0dSKY000000IXBk2AO,PrimaryElectricalIsolationDeviceOptions,Port
ECO-000000284,9QLKY000000ACRa4AO,GeneratorSet,01tKY000002yTCCYA2,AirCleanerDutyRating,Type
ECO-000000285,9QLKY000000ACRa4AO,GeneratorSet,01tKY000002yTCDYA2,StarterMotor,Type
ECO-000000286,9QLKY000000ACRa4AO,GeneratorSet,01tKY000002yTDdYAM,WitnessTestService,Type
ECO-000000287,9QLKY000000ACRa4AO,GeneratorSet,01tKY000002yTE4YAM,Warranty_DCC,Type
ECO-000000288,9QLKY000000ACRa4AO,GeneratorSet,01tKY000002yTCEYA2,BatteryChargingAlternator,Type
ECO-000000289,9QLKY000000ACRa4AO,GeneratorSet,01tKY000002yTDeYAM,WitnessTestService,Type
ECO-000000290,9QLKY000000ACRa4AO,GeneratorSet,01tKY000002yTE5YAM,Warranty_DCC,Type
ECO-000000291,9QLKY000000ACRa4AO,GeneratorSet,01tKY000002yTDfYAM,WitnessTestService,Type
ECO-000000292,9QLKY000000ACRa4AO,GeneratorSet,01tKY000002yTCHYA2,OilSystemOption,Type
ECO-000000293,9QLKY000000ACRa4AO,GeneratorSet,01tKY000002yTE6YAM,Warranty_DCC,Type
ECO-000000294,9QLKY000000ACRa4AO,GeneratorSet,01tKY000002yTDgYAM,WitnessTestService,Type
ECO-000000295,9QLKY000000ACRa4AO,GeneratorSet,01tKY000002yTE7YAM,Warranty_DCC,Type
ECO-000000296,9QLKY000000ACRa4AO,GeneratorSet,01tKY000002yTDhYAM,WitnessTestService,Type
ECO-000000297,9QLKY000000ACRa4AO,GeneratorSet,01tKY000002yTE8YAM,Warranty_DCC,Type
ECO-000000298,9QLKY000000ACRa4AO,GeneratorSet,01tKY000002yTCGYA2,OilSystemOption,Type
ECO-000000299,9QLKY000000ACRa4AO,GeneratorSet,01tKY000002yTDiYAM,WitnessTestService,Type
ECO-000000300,9QLKY000000ACRa4AO,GeneratorSet,01tKY000002yTC5YAM,FESBA_BB26_2,Type
ECO-000000301,9QLKY000000ACRa4AO,GeneratorSet,01tKY000002yTE9YAM,Warranty_DCC,Type
ECO-000000302,9QLKY000000ACRa4AO,GeneratorSet,01tKY000002yTCFYA2,OilSystemOption,Type
ECO-000000303,9QLKY000000ACRa4AO,GeneratorSet,01tKY000002yTDjYAM,WitnessTestService,Type
ECO-000000304,9QLKY000000ACRa4AO,GeneratorSet,01tKY000002yTBfYAM,FESBA_B612_2,Type
ECO-000000305,9QLKY000000ACRa4AO,GeneratorSet,01tKY000002yTEAYA2,Literature,Type
ECO-000000306,9QLKY000000ACRa4AO,GeneratorSet,01tKY000002yTCIYA2,FuelFilter,Type
ECO-000000307,9QLKY000000ACRa4AO,GeneratorSet,01tKY000002yTDkYAM,IndependentLaboratoryTest,Type
ECO-000000308,9QLKY000000ACRa4AO,GeneratorSet,01tKY000002yTC6YAM,FESBA_BB29_2,Type
ECO-000000309,9QLKY000000ACRa4AO,GeneratorSet,01tKY000002yTE3YAM,Warranty_DCC,Type
ECO-000000310,9QLKY000000ACRa4AO,GeneratorSet,01tKY000002yTCXYA2,FuelSystemOption,Type
ECO-000000311,9QLKY000000ACRa4AO,GeneratorSet,01tKY000002yTEBYA2,Literature,Type
ECO-000000314,9QLKY000000ACRa4AO,GeneratorSet,01tKY000002yTCJYA2,FuelFilter,Type
ECO-000000315,9QLKY000000ACRa4AO,GeneratorSet,01tKY000002yTC7YAM,FESBA_BC03_2,Type
ECO-000000316,9QLKY000000ACRa4AO,GeneratorSet,01tKY000002yTBhYAM,FESBA_B660_2,Type
ECO-000000317,9QLKY000000ACRa4AO,GeneratorSet,01tKY000002yTC8YAM,FESBA_BC04_2,Type
ECO-000000282,9QLKY000000ACRa4AO,GeneratorSet,01tKY000002yTCAYA2,EngineModel,Type
ECO-000000318,9QLKY000000ACRa4AO,GeneratorSet,01tKY000002yTCOYA2,EngineCoolingEnhancedHighAmbientAirTemperature,Type
ECO-000000170,9QLKY000000ACRa4AO,GeneratorSet,0dSKY000000IXBP2A4,Testing,Port
ECO-000000171,9QLKY000000ACRa4AO,GeneratorSet,0dSKY000000IXBx2AO,Testing,Port
ECO-000000312,9QLKY000000ACRa4AO,GeneratorSet,01tKY000002yTBgYAM,FESBA_B628_2,Type
ECO-000000313,9QLKY000000ACRa4AO,GeneratorSet,01tKY000002yTECYA2,Literature,Type
ECO-000000172,9QLKY000000ACRa4AO,GeneratorSet,0dSKY000000IXBX2A4,Testing,Port
ECO-000000173,9QLKY000000ACRa4AO,GeneratorSet,0dSKY000000IXBR2A4,Testing,Port
ECO-000000174,9QLKY000000ACRa4AO,GeneratorSet,0dSKY000000IXBz2AO,Testing,Port
ECO-000000175,9QLKY000000ACRa4AO,GeneratorSet,0dSKY000000IXBT2A4,Testing,Port
ECO-000000176,9QLKY000000ACRa4AO,GeneratorSet,0dSKY000000IXBd2AO,Testing,Port
ECO-000000177,9QLKY000000ACRa4AO,GeneratorSet,0dSKY000000IXC12AO,Testing,Port
ECO-000000178,9QLKY000000ACRa4AO,GeneratorSet,0dSKY000000IXD12AO,engineers,Port
ECO-000000179,9QLKY000000ACRa4AO,GeneratorSet,0dSKY000000IXCi2AO,Literatures,Port
ECO-000000180,9QLKY000000ACRa4AO,GeneratorSet,0dSKY000000IXCk2AO,Literatures,Port
ECO-000000181,9QLKY000000ACRa4AO,GeneratorSet,0dSKY000000IXCm2AO,Literatures,Port
ECO-000000182,9QLKY000000ACRa4AO,GeneratorSet,0dSKY000000IXCo2AO,Literatures,Port
ECO-000000183,9QLKY000000ACRa4AO,GeneratorSet,0dSKY000000IXCs2AO,Literatures,Port
ECO-000000184,9QLKY000000ACRa4AO,GeneratorSet,0dSKY000000IXCu2AO,Literatures,Port
ECO-000000185,9QLKY000000ACRa4AO,GeneratorSet,0dSKY000000IXCB2A4,Warranties,Port
ECO-000000186,9QLKY000000ACRa4AO,GeneratorSet,0dSKY000000IXDE2A4,Enclosures,Port
ECO-000000187,9QLKY000000ACRa4AO,GeneratorSet,0dSKY000000IXC52AO,Warranties,Port
ECO-000000188,9QLKY000000ACRa4AO,GeneratorSet,0dSKY000000IXCw2AO,Literatures,Port
ECO-000000189,9QLKY000000ACRa4AO,GeneratorSet,0dSKY000000IXC92AO,Warranties,Port
ECO-000000190,9QLKY000000ACRa4AO,GeneratorSet,0dSKY000000IXCv2AO,Enclosures,Port
ECO-000000191,9QLKY000000ACRa4AO,GeneratorSet,0dSKY000000IXC72AO,Warranties,Port
ECO-000000192,9QLKY000000ACRa4AO,GeneratorSet,0dSKY000000IXCy2AO,Literatures,Port
ECO-000000193,9QLKY000000ACRa4AO,GeneratorSet,0dSKY000000IXCI2A4,Warranties,Port
ECO-000000194,9QLKY000000ACRa4AO,GeneratorSet,0dSKY000000IXCx2AO,Enclosures,Port
ECO-000000195,9QLKY000000ACRa4AO,GeneratorSet,0dSKY000000IXCE2A4,Warranties,Port
ECO-000000196,9QLKY000000ACRa4AO,GeneratorSet,0dSKY000000IXD02AO,Literatures,Port
ECO-000000197,9QLKY000000ACRa4AO,GeneratorSet,0dSKY000000IXCF2A4,Warranties,Port
ECO-000000198,9QLKY000000ACRa4AO,GeneratorSet,0dSKY000000IXCz2AO,Enclosures,Port
ECO-000000199,9QLKY000000ACRa4AO,GeneratorSet,0dSKY000000IXCD2A4,Warranties,Port
ECO-000000200,9QLKY000000ACRa4AO,GeneratorSet,0dSKY000000IXD22AO,Literatures,Port
ECO-000000201,9QLKY000000ACRa4AO,GeneratorSet,0dSKY000000IXCG2A4,Warranties,Port
ECO-000000202,9QLKY000000ACRa4AO,GeneratorSet,0dSKY000000IXD32AO,engineers,Port
ECO-000000203,9QLKY000000ACRa4AO,GeneratorSet,0dSKY000000IXCJ2A4,Warranties,Port
ECO-000000204,9QLKY000000ACRa4AO,GeneratorSet,0dSKY000000IXD62AO,Accessories,Port
ECO-000000169,9QLKY000000ACRa4AO,GeneratorSet,0dSKY000000IXCq2AO,Literatures,Port
ECO-000000205,9QLKY000000ACRa4AO,GeneratorSet,0dSKY000000IXD52AO,engineers,Port
ECO-000000206,9QLKY000000ACRa4AO,GeneratorSet,0dSKY000000IXCn2AO,Accessories,Port
ECO-000000319,9QLKY000000ACRa4AO,GeneratorSet,01tKY000002yTBiYAM,FESBA_B663_2,Type
ECO-000000320,9QLKY000000ACRa4AO,GeneratorSet,01tKY000002yTCPYA2,EngCoolingHighAmbientAirTempShipLoose,Type
