Id,Name,ParentProductId,ParentProduct.Name,ChildProductId,ChildProduct.Name,ChildProductClassificationId,ChildProductClassification.Name,ProductRelationshipTypeId,ProductRelationshipType.Name,Sequence
0dSWs000000PEm9MAG,PRC-000000542,01tWs000006wOUfIAM,PowerControl - Paralleling Switchgear,,,11BWs00000DsOKSMA3,Switchgear Bay,0yoWs000000epJyIAI,Bundle to Product Classification Component Relationship,1
0dSWs000000PEmXMAW,PRC-000000049,01tWs000006wOTyIAM,FESBA Generator Set,01tWs000006wOVVIA2,FESBA 900kW,,,0yoWs000000epJxIAI,Bundle to Bundle Component Relationship,1
0dSWs000000PEmYMAW,PRC-000000050,01tWs000006wOTyIAM,FESBA Generator Set,01tWs000006wOVWIA2,FESBA 1200kW,,,0yoWs000000epJxIAI,Bundle to Bundle Component Relationship,2
0dSWs000000PEmaMAG,PRC-000000051,01tWs000006wOTyIAM,FESBA Generator Set,01tWs000006wOVXIA2,FESBA 1500kW,,,0yoWs000000epJxIAI,Bundle to Bundle Component Relationship,3
0dSWs000000PEmbMAG,PRC-000000052,01tWs000006wOTyIAM,FESBA Generator Set,01tWs000006wOVYIA2,FESBA 1750kW,,,0yoWs000000epJxIAI,Bundle to Bundle Component Relationship,4
0dSWs000000PEmcMAG,PRC-000000053,01tWs000006wOTyIAM,FESBA Generator Set,01tWs000006wOVZIA2,FESBA 2500kW,,,0yoWs000000epJxIAI,Bundle to Bundle Component Relationship,5
0dSWs000000PEmdMAG,PRC-000000054,01tWs000006wOTyIAM,FESBA Generator Set,01tWs000006wOVaIAM,"220/380,3 Phase,Wye,4 Wire",,,0yoWs000000epJxIAI,Bundle to Bundle Component Relationship,6
0dSWs000000PEmeMAG,PRC-000000055,01tWs000006wOTyIAM,FESBA Generator Set,01tWs000006wOVbIAM,"240/416,3 Phase,Wye,4 Wire",,,0yoWs000000epJxIAI,Bundle to Bundle Component Relationship,7
0dSWs000000PEmfMAG,PRC-000000082,01tWs000006wOTyIAM,FESBA Generator Set,01tWs000006wOW2IAM,"Alt-60Hz,Wye,440V,150/125SP,40C amb",,,0yoWs000000epJxIAI,Bundle to Bundle Component Relationship,36
0dSWs000000PEmgMAG,PRC-000000056,01tWs000006wOTyIAM,FESBA Generator Set,01tWs000006wOVcIAM,"255/440,3 Phase,Wye,4 Wire",,,0yoWs000000epJxIAI,Bundle to Bundle Component Relationship,8
0dSWs000000PEmhMAG,PRC-000000083,01tWs000006wOTyIAM,FESBA Generator Set,01tWs000006wOW3IAM,"Alternator-60 Hz,Wye,240/416 Volt,105/80C-StbyPrm",,,0yoWs000000epJxIAI,Bundle to Bundle Component Relationship,37
0dSWs000000PEmiMAG,PRC-000000057,01tWs000006wOTyIAM,FESBA Generator Set,01tWs000006wOVdIAM,"277/480,3 Phase,Wye,4 Wire",,,0yoWs000000epJxIAI,Bundle to Bundle Component Relationship,9
0dSWs000000PEmjMAG,PRC-000000084,01tWs000006wOTyIAM,FESBA Generator Set,01tWs000006wOW4IAM,"Alt-60Hz, 3Phase, 480Volt, 125/105/80C-StbyPrmCont",,,0yoWs000000epJxIAI,Bundle to Bundle Component Relationship,38
0dSWs000000PEmkMAG,PRC-000000058,01tWs000006wOTyIAM,FESBA Generator Set,01tWs000006wOVeIAM,"347/600,3 Phase,Wye,4 Wire",,,0yoWs000000epJxIAI,Bundle to Bundle Component Relationship,10
0dSWs000000PEmlMAG,PRC-000000085,01tWs000006wOTyIAM,FESBA Generator Set,01tWs000006wOW5IAM,"Alternator-60Hz,3Phase,480Volt,150C-Stby,40C amb",,,0yoWs000000epJxIAI,Bundle to Bundle Component Relationship,39
0dSWs000000PEmmMAG,PRC-000000059,01tWs000006wOTyIAM,FESBA Generator Set,01tWs000006wOVfIAM,"2400/4160,3 Phase,Wye,4Wire",,,0yoWs000000epJxIAI,Bundle to Bundle Component Relationship,11
0dSWs000000PEmnMAG,PRC-000000086,01tWs000006wOTyIAM,FESBA Generator Set,01tWs000006wOW6IAM,"Alternator-60Hz,3Phase,600Volt,150C-Stby,40C amb",,,0yoWs000000epJxIAI,Bundle to Bundle Component Relationship,40
0dSWs000000PEmoMAG,PRC-000000060,01tWs000006wOTyIAM,FESBA Generator Set,01tWs000006wOVgIAM,"7200/12470,3 Ph,Wye,4 Wire",,,0yoWs000000epJxIAI,Bundle to Bundle Component Relationship,12
0dSWs000000PEmpMAG,PRC-000000087,01tWs000006wOTyIAM,FESBA Generator Set,01tWs000006wOW7IAM,"Alt-60Hz,3Ph,277/480V,80C, Stby-Prime,IncrMtrStart",,,0yoWs000000epJxIAI,Bundle to Bundle Component Relationship,43
0dSWs000000PEmqMAG,PRC-000000061,01tWs000006wOTyIAM,FESBA Generator Set,01tWs000006wOVhIAM,"7621/13200,3 Ph,Wye,4 Wire",,,0yoWs000000epJxIAI,Bundle to Bundle Component Relationship,13
0dSWs000000PEmrMAG,PRC-000000088,01tWs000006wOTyIAM,FESBA Generator Set,01tWs000006wOW8IAM,"Alt-60Hz,3Ph,347/600V,80C, Stby-Prime,IncrMtrStart",,,0yoWs000000epJxIAI,Bundle to Bundle Component Relationship,44
0dSWs000000PEmsMAG,PRC-000000062,01tWs000006wOTyIAM,FESBA Generator Set,01tWs000006wOViIAM,"7976/13800,3 Ph,Wye,4 Wire",,,0yoWs000000epJxIAI,Bundle to Bundle Component Relationship,14
0dSWs000000PEmtMAG,PRC-000000089,01tWs000006wOTyIAM,FESBA Generator Set,01tWs000006wOW9IAM,"Alt-60Hz,3Ph,2400/4160V,80C, Stby-Prime,IncrMtrStart",,,0yoWs000000epJxIAI,Bundle to Bundle Component Relationship,45
0dSWs000000PEmuMAG,PRC-000000063,01tWs000006wOTyIAM,FESBA Generator Set,01tWs000006wOVjIAM,"Alternator - 60Hz, 3-Phase, Wye, 2400/4160V, 105/80C, StbyPrm",,,0yoWs000000epJxIAI,Bundle to Bundle Component Relationship,15
0dSWs000000PEmvMAG,PRC-000000090,01tWs000006wOTyIAM,FESBA Generator Set,01tWs000006wOWAIA2,"Alt-60Hz,3Ph,7200/12470V,80C, Stby-Prime,IncrMtrStart",,,0yoWs000000epJxIAI,Bundle to Bundle Component Relationship,46
0dSWs000000PEmwMAG,PRC-000000064,01tWs000006wOTyIAM,FESBA Generator Set,01tWs000006wOVkIAM,"ALT-60Hz, Wye,12.47-13.8kV,125/105/80C (S/P/C)",,,0yoWs000000epJxIAI,Bundle to Bundle Component Relationship,16
0dSWs000000PEmxMAG,PRC-000000091,01tWs000006wOTyIAM,FESBA Generator Set,01tWs000006wOWBIA2,"Alt-60Hz,3Ph,7620/13200V,80C, Stby-Prime,IncrMtrStart",,,0yoWs000000epJxIAI,Bundle to Bundle Component Relationship,47
0dSWs000000PEmyMAG,PRC-000000065,01tWs000006wOTyIAM,FESBA Generator Set,01tWs000006wOVlIAM,"ALT-60Hz,2400/4160V,125/105/80C (S/P/C)",,,0yoWs000000epJxIAI,Bundle to Bundle Component Relationship,17
0dSWs000000PEmzMAG,PRC-000000092,01tWs000006wOTyIAM,FESBA Generator Set,01tWs000006wOWCIA2,"Alt-60Hz,3Ph,7968/13800V,80C, Stby-Prime,IncrMtrStart",,,0yoWs000000epJxIAI,Bundle to Bundle Component Relationship,48
0dSWs000000PEn0MAG,PRC-000000066,01tWs000006wOTyIAM,FESBA Generator Set,01tWs000006wOVmIAM,"ALT-60Hz,Wye,12.47kV,105/80C (S/P)",,,0yoWs000000epJxIAI,Bundle to Bundle Component Relationship,18
0dSWs000000PEn1MAG,PRC-000000093,01tWs000006wOTyIAM,FESBA Generator Set,01tWs000006wOWDIA2,"Alt-60Hz,3Ph,Wye,380V,105C-DCC,40C Amb",,,0yoWs000000epJxIAI,Bundle to Bundle Component Relationship,49
0dSWs000000PEn2MAG,PRC-000000067,01tWs000006wOTyIAM,FESBA Generator Set,01tWs000006wOVnIAM,"Alt-60Hz,Wye,220/380V,150/125/105C-SD/P/C,40C amb",,,0yoWs000000epJxIAI,Bundle to Bundle Component Relationship,19
0dSWs000000PEn3MAG,PRC-000000094,01tWs000006wOTyIAM,FESBA Generator Set,01tWs000006wOWEIA2,"Alt-60Hz,3Ph,Wye,416V,105C-DCC,40C Amb",,,0yoWs000000epJxIAI,Bundle to Bundle Component Relationship,50
0dSWs000000PEn4MAG,PRC-000000068,01tWs000006wOTyIAM,FESBA Generator Set,01tWs000006wOVoIAM,"Alt-60Hz,Wye,220/380V,125/105/80C-StbyPrmCont",,,0yoWs000000epJxIAI,Bundle to Bundle Component Relationship,20
0dSWs000000PEn5MAG,PRC-000000095,01tWs000006wOTyIAM,FESBA Generator Set,01tWs000006wOWFIA2,"Alt-60Hz,3Ph,Wye,440V,105C-DCC,40C Amb",,,0yoWs000000epJxIAI,Bundle to Bundle Component Relationship,51
0dSWs000000PEn6MAG,PRC-000000069,01tWs000006wOTyIAM,FESBA Generator Set,01tWs000006wOVpIAM,"Alt-60Hz,Wye,220/380V,105/80C-StbyPrm",,,0yoWs000000epJxIAI,Bundle to Bundle Component Relationship,22
0dSWs000000PEn7MAG,PRC-000000096,01tWs000006wOTyIAM,FESBA Generator Set,01tWs000006wOWGIA2,"Alt-60Hz,3Ph,Wye,480V,80C-DCC,40C Amb",,,0yoWs000000epJxIAI,Bundle to Bundle Component Relationship,52
0dSWs000000PEn8MAG,PRC-000000070,01tWs000006wOTyIAM,FESBA Generator Set,01tWs000006wOVqIAM,"Alternator-60Hz, 3Phase, 480Volt, 105/80C-StbyPrm",,,0yoWs000000epJxIAI,Bundle to Bundle Component Relationship,23
0dSWs000000PEn9MAG,PRC-000000097,01tWs000006wOTyIAM,FESBA Generator Set,01tWs000006wOWHIA2,"Alt-60Hz,3Ph,Wye,480V,105C-DCC,40C Amb",,,0yoWs000000epJxIAI,Bundle to Bundle Component Relationship,53
0dSWs000000PEnAMAW,PRC-000000071,01tWs000006wOTyIAM,FESBA Generator Set,01tWs000006wOVrIAM,"Alternator-60Hz, 3Phase, 480Volt, 80C-Stby",,,0yoWs000000epJxIAI,Bundle to Bundle Component Relationship,24
0dSWs000000PEnBMAW,PRC-000000098,01tWs000006wOTyIAM,FESBA Generator Set,01tWs000006wOWIIA2,"Alt-60Hz,3Ph,Wye,600V,80C-DCC,40C Amb",,,0yoWs000000epJxIAI,Bundle to Bundle Component Relationship,54
0dSWs000000PEnCMAW,PRC-000000072,01tWs000006wOTyIAM,FESBA Generator Set,01tWs000006wOVsIAM,"Alt-60Hz,347/600V,125/105/80C-SPC",,,0yoWs000000epJxIAI,Bundle to Bundle Component Relationship,25
0dSWs000000PEnDMAW,PRC-000000099,01tWs000006wOTyIAM,FESBA Generator Set,01tWs000006wOWJIA2,"Alt-60Hz,3Ph,Wye,600V,105C-DCC,40C Amb",,,0yoWs000000epJxIAI,Bundle to Bundle Component Relationship,55
0dSWs000000PEnEMAW,PRC-000000073,01tWs000006wOTyIAM,FESBA Generator Set,01tWs000006wOVtIAM,"Alternator-60Hz, 347/600Volt, 105/80C-StbyPrm",,,0yoWs000000epJxIAI,Bundle to Bundle Component Relationship,26
0dSWs000000PEnFMAW,PRC-000000100,01tWs000006wOTyIAM,FESBA Generator Set,01tWs000006wOWKIA2,"Alt-60Hz,3Ph,Wye,4160V,80C-DCC,40C Amb",,,0yoWs000000epJxIAI,Bundle to Bundle Component Relationship,56
0dSWs000000PEnGMAW,PRC-000000074,01tWs000006wOTyIAM,FESBA Generator Set,01tWs000006wOVuIAM,"Alternator-60Hz, 347/600Volt, 80C-Stby",,,0yoWs000000epJxIAI,Bundle to Bundle Component Relationship,27
0dSWs000000PEnHMAW,PRC-000000101,01tWs000006wOTyIAM,FESBA Generator Set,01tWs000006wOWLIA2,"Alt-60Hz,3Ph,Wye,12.47kV,80C-DCC,40C Amb",,,0yoWs000000epJxIAI,Bundle to Bundle Component Relationship,57
0dSWs000000PEnIMAW,PRC-000000075,01tWs000006wOTyIAM,FESBA Generator Set,01tWs000006wOVvIAM,"Alternator-60Hz, Wye, 12.47kVolt, 80C-Stby",,,0yoWs000000epJxIAI,Bundle to Bundle Component Relationship,28
0dSWs000000PEnJMAW,PRC-000000102,01tWs000006wOTyIAM,FESBA Generator Set,01tWs000006wOWMIA2,"Alt-60Hz,3Ph,Wye,13.2kV,80C-DCC,40C Amb",,,0yoWs000000epJxIAI,Bundle to Bundle Component Relationship,58
0dSWs000000PEnKMAW,PRC-000000076,01tWs000006wOTyIAM,FESBA Generator Set,01tWs000006wOVwIAM,"Alt-60Hz, Wye, 13.2-13.8kVolt, 105/80C-StbyPrm",,,0yoWs000000epJxIAI,Bundle to Bundle Component Relationship,29
0dSWs000000PEnLMAW,PRC-000000103,01tWs000006wOTyIAM,FESBA Generator Set,01tWs000006wOWNIA2,"Alt-60Hz,3Ph,Wye,13.8kV,80C-DCC,40C Amb",,,0yoWs000000epJxIAI,Bundle to Bundle Component Relationship,59
0dSWs000000PEnMMAW,PRC-000000077,01tWs000006wOTyIAM,FESBA Generator Set,01tWs000006wOVxIAM,"Alternator-60Hz, Wye, 13.2-13.8kVolt, 80C-Stby",,,0yoWs000000epJxIAI,Bundle to Bundle Component Relationship,30
0dSWs000000PEnNMAW,PRC-000000104,01tWs000006wOTyIAM,FESBA Generator Set,01tWs000006wOWOIA2,"Alt-60Hz,3Ph,Wye,440V,80C-DCC,40C Amb",,,0yoWs000000epJxIAI,Bundle to Bundle Component Relationship,60
0dSWs000000PEnOMAW,PRC-000000078,01tWs000006wOTyIAM,FESBA Generator Set,01tWs000006wOVyIAM,"Alternator-60 Hz, Wye, 380 Volt, 80C-Stby",,,0yoWs000000epJxIAI,Bundle to Bundle Component Relationship,32
0dSWs000000PEnPMAW,PRC-000000105,01tWs000006wOTyIAM,FESBA Generator Set,01tWs000006wOWPIA2,"Alt-60Hz,3Ph,Wye,380V,80C-DCC,40C Amb",,,0yoWs000000epJxIAI,Bundle to Bundle Component Relationship,62
0dSWs000000PEnQMAW,PRC-000000079,01tWs000006wOTyIAM,FESBA Generator Set,01tWs000006wOVzIAM,"Alt-60Hz,Wye,440V,125-80C-SPC",,,0yoWs000000epJxIAI,Bundle to Bundle Component Relationship,33
0dSWs000000PEnRMAW,PRC-000000106,01tWs000006wOTyIAM,FESBA Generator Set,01tWs000006wOWQIA2,"Alt-60Hz,3Ph,Wye,416V,80C-DCC,40C Amb",,,0yoWs000000epJxIAI,Bundle to Bundle Component Relationship,63
0dSWs000000PEnSMAW,PRC-000000080,01tWs000006wOTyIAM,FESBA Generator Set,01tWs000006wOW0IAM,"Alternator-60 Hz, Wye, 440 Volt,105/80C-StbyPrm",,,0yoWs000000epJxIAI,Bundle to Bundle Component Relationship,34
0dSWs000000PEnTMAW,PRC-000000158,01tWs000006wOTyIAM,FESBA Generator Set,01tWs000006wOWRIA2,Engine - QSK60-G6,,,0yoWs000000epJxIAI,Bundle to Bundle Component Relationship,64
0dSWs000000PEnUMAW,PRC-000000081,01tWs000006wOTyIAM,FESBA Generator Set,01tWs000006wOW1IAM,"Alternator-60Hz, Wye, 440 Volt,80C-Stby",,,0yoWs000000epJxIAI,Bundle to Bundle Component Relationship,35
0dSWs000000PEnVMAW,PRC-000000159,01tWs000006wOTyIAM,FESBA Generator Set,01tWs000006wOWSIA2,Normal Duty Air Cleaner,,,0yoWs000000epJxIAI,Bundle to Bundle Component Relationship,65
0dSWs000000PEnWMAW,PRC-000000160,01tWs000006wOTyIAM,FESBA Generator Set,01tWs000006wOWTIA2,Heavy Duty Air Cleaner,,,0yoWs000000epJxIAI,Bundle to Bundle Component Relationship,66
0dSWs000000PEnXMAW,PRC-000000161,01tWs000006wOTyIAM,FESBA Generator Set,01tWs000006wOWUIA2,Electric Starter Motor - 24V DC,,,0yoWs000000epJxIAI,Bundle to Bundle Component Relationship,67
0dSWs000000PEnYMAW,PRC-000000162,01tWs000006wOTyIAM,FESBA Generator Set,01tWs000006wOWVIA2,Battery Charging Alternator,,,0yoWs000000epJxIAI,Bundle to Bundle Component Relationship,68
0dSWs000000PEnZMAW,PRC-000000163,01tWs000006wOTyIAM,FESBA Generator Set,01tWs000006wOWWIA2,"Filters-Eng Oil,Full Flow/Bypass",,,0yoWs000000epJxIAI,Bundle to Bundle Component Relationship,69
0dSWs000000PEnaMAG,PRC-000000164,01tWs000006wOTyIAM,FESBA Generator Set,01tWs000006wOWXIA2,Oil Sampling Valve,,,0yoWs000000epJxIAI,Bundle to Bundle Component Relationship,70
0dSWs000000PEnbMAG,PRC-000000165,01tWs000006wOTyIAM,FESBA Generator Set,01tWs000006wOWYIA2,Oil Pan-High Capacity,,,0yoWs000000epJxIAI,Bundle to Bundle Component Relationship,71
0dSWs000000PEncMAG,PRC-000000166,01tWs000006wOTyIAM,FESBA Generator Set,01tWs000006wOWZIA2,Separator-Fuel/Water,,,0yoWs000000epJxIAI,Bundle to Bundle Component Relationship,72
0dSWs000000PEndMAG,PRC-000000167,01tWs000006wOTyIAM,FESBA Generator Set,01tWs000006wOWaIAM,"Fuel Filters-Engine, Standard",,,0yoWs000000epJxIAI,Bundle to Bundle Component Relationship,73
0dSWs000000PEneMAG,PRC-000000168,01tWs000006wOTyIAM,FESBA Generator Set,01tWs000006wOWbIAM,"Fuel Filters-Engine, Duplex",,,0yoWs000000epJxIAI,Bundle to Bundle Component Relationship,74
0dSWs000000PEnfMAG,PRC-000000124,01tWs000006wOTyIAM,FESBA Generator Set,01tWs000006wOX2IAM,"Terminal Housing-Top Entrance,Medium/High Volts",,,0yoWs000000epJxIAI,Bundle to Bundle Component Relationship,101
0dSWs000000PEngMAG,PRC-000000169,01tWs000006wOTyIAM,FESBA Generator Set,01tWs000006wOWcIAM,"Coolant Heater-208/240/480V, 40F Minimum Ambient Temp",,,0yoWs000000epJxIAI,Bundle to Bundle Component Relationship,75
0dSWs000000PEnhMAG,PRC-000000125,01tWs000006wOTyIAM,FESBA Generator Set,01tWs000006wOX3IAM,"Entrance Box-Low Voltage,Left",,,0yoWs000000epJxIAI,Bundle to Bundle Component Relationship,102
0dSWs000000PEniMAG,PRC-000000170,01tWs000006wOTyIAM,FESBA Generator Set,01tWs000006wOWdIAM,"Coolant Heater-208/240/480V, Below 40F Ambient Temp",,,0yoWs000000epJxIAI,Bundle to Bundle Component Relationship,76
0dSWs000000PEnjMAG,PRC-000000126,01tWs000006wOTyIAM,FESBA Generator Set,01tWs000006wOX4IAM,"Terminal Box-Low Voltage,Left",,,0yoWs000000epJxIAI,Bundle to Bundle Component Relationship,103
0dSWs000000PEnkMAG,PRC-000000171,01tWs000006wOTyIAM,FESBA Generator Set,01tWs000006wOWeIAM,None Supplied (Remote Cooling),,,0yoWs000000epJxIAI,Bundle to Bundle Component Relationship,77
0dSWs000000PEnlMAG,PRC-000000127,01tWs000006wOTyIAM,FESBA Generator Set,01tWs000006wOX5IAM,"CB-600A,Left,3P,UL 600,IEC 690,UL Serv Ent,100%",,,0yoWs000000epJxIAI,Bundle to Bundle Component Relationship,104
0dSWs000000PEnmMAG,PRC-000000172,01tWs000006wOTyIAM,FESBA Generator Set,01tWs000006wOWfIAM,Engine Cooling-High Ambient Air Temperature,,,0yoWs000000epJxIAI,Bundle to Bundle Component Relationship,78
0dSWs000000PEnnMAG,PRC-000000128,01tWs000006wOTyIAM,FESBA Generator Set,01tWs000006wOX6IAM,"CB-800A,Left,3P,UL 600,IEC 415,UL Serv Ent,100%",,,0yoWs000000epJxIAI,Bundle to Bundle Component Relationship,105
0dSWs000000PEnoMAG,PRC-000000173,01tWs000006wOTyIAM,FESBA Generator Set,01tWs000006wOWgIAM,Engine Cooling-Enhanced High Ambient Air Temperature,,,0yoWs000000epJxIAI,Bundle to Bundle Component Relationship,79
0dSWs000000PEnpMAG,PRC-000000129,01tWs000006wOTyIAM,FESBA Generator Set,01tWs000006wOX7IAM,"CB-1200A,Left,3P,UL 600,IEC 415,UL Serv Ent,100%",,,0yoWs000000epJxIAI,Bundle to Bundle Component Relationship,106
0dSWs000000PEnqMAG,PRC-000000174,01tWs000006wOTyIAM,FESBA Generator Set,01tWs000006wOWhIAM,"Eng Cooling-High Ambient Air Temp, Ship Loose",,,0yoWs000000epJxIAI,Bundle to Bundle Component Relationship,80
0dSWs000000PEnrMAG,PRC-000000130,01tWs000006wOTyIAM,FESBA Generator Set,01tWs000006wOX8IAM,"CB-1600A,Left,3P,UL 600,IEC 415,UL Serv Ent,100%",,,0yoWs000000epJxIAI,Bundle to Bundle Component Relationship,107
0dSWs000000PEnsMAG,PRC-000000175,01tWs000006wOTyIAM,FESBA Generator Set,01tWs000006wOWiIAM,(Remote Cooling) Flanged Connectors ASA,,,0yoWs000000epJxIAI,Bundle to Bundle Component Relationship,81
0dSWs000000PEntMAG,PRC-000000131,01tWs000006wOTyIAM,FESBA Generator Set,01tWs000006wOX9IAM,"CB-2000A,Left,3P,UL 600,IEC 415,UL Serv Ent,100%",,,0yoWs000000epJxIAI,Bundle to Bundle Component Relationship,108
0dSWs000000PEnuMAG,PRC-000000176,01tWs000006wOTyIAM,FESBA Generator Set,01tWs000006wOWjIAM,Shutdown-Low Coolant Level,,,0yoWs000000epJxIAI,Bundle to Bundle Component Relationship,82
0dSWs000000PEnvMAG,PRC-000000132,01tWs000006wOTyIAM,FESBA Generator Set,01tWs000006wOXAIA2,"CB-2500A,Left,3P,UL 600,IEC 415,UL Serv Ent,100%",,,0yoWs000000epJxIAI,Bundle to Bundle Component Relationship,109
0dSWs000000PEnwMAG,PRC-000000177,01tWs000006wOTyIAM,FESBA Generator Set,01tWs000006wOWkIAM,Warning-Low Coolant Level,,,0yoWs000000epJxIAI,Bundle to Bundle Component Relationship,83
0dSWs000000PEnxMAG,PRC-000000133,01tWs000006wOTyIAM,FESBA Generator Set,01tWs000006wOXBIA2,"CB-3000A,Left,3P,UL 600,IEC 690,UL Serv Ent,100%",,,0yoWs000000epJxIAI,Bundle to Bundle Component Relationship,110
0dSWs000000PEnyMAG,PRC-000000107,01tWs000006wOTyIAM,FESBA Generator Set,01tWs000006wOWlIAM,"Temp Sens-Stator, 2 RTD/Ph",,,0yoWs000000epJxIAI,Bundle to Bundle Component Relationship,84
0dSWs000000PEnzMAG,PRC-000000144,01tWs000006wOTyIAM,FESBA Generator Set,01tWs000006wOXCIA2,"Top Entry, Left",,,0yoWs000000epJxIAI,Bundle to Bundle Component Relationship,111
0dSWs000000PEo0MAG,PRC-000000108,01tWs000006wOTyIAM,FESBA Generator Set,01tWs000006wOWmIAM,"Bearing,1 RTD NDE",,,0yoWs000000epJxIAI,Bundle to Bundle Component Relationship,85
0dSWs000000PEo1MAG,PRC-000000145,01tWs000006wOTyIAM,FESBA Generator Set,01tWs000006wOXDIA2,"Bottom Entry, Left",,,0yoWs000000epJxIAI,Bundle to Bundle Component Relationship,112
0dSWs000000PEo2MAG,PRC-000000109,01tWs000006wOTyIAM,FESBA Generator Set,01tWs000006wOWnIAM,"Heater-Alternator, 120 Volt AC",,,0yoWs000000epJxIAI,Bundle to Bundle Component Relationship,86
0dSWs000000PEo3MAG,PRC-000000146,01tWs000006wOTyIAM,FESBA Generator Set,01tWs000006wOXEIA2,"Bottom Entry Chute, Left",,,0yoWs000000epJxIAI,Bundle to Bundle Component Relationship,113
0dSWs000000PEo4MAG,PRC-000000110,01tWs000006wOTyIAM,FESBA Generator Set,01tWs000006wOWoIAM,"Heater-Alternator, 240 Volt AC",,,0yoWs000000epJxIAI,Bundle to Bundle Component Relationship,87
0dSWs000000PEo5MAG,PRC-000000134,01tWs000006wOTyIAM,FESBA Generator Set,01tWs000006wOXFIA2,Entrance Box-Right,,,0yoWs000000epJxIAI,Bundle to Bundle Component Relationship,114
0dSWs000000PEo6MAG,PRC-000000111,01tWs000006wOTyIAM,FESBA Generator Set,01tWs000006wOWpIAM,"Heater-Alternator, 110/220 (120/240) Volt AC",,,0yoWs000000epJxIAI,Bundle to Bundle Component Relationship,88
0dSWs000000PEo7MAG,PRC-000000135,01tWs000006wOTyIAM,FESBA Generator Set,01tWs000006wOXGIA2,"Entrance Box-Low Voltage,Right",,,0yoWs000000epJxIAI,Bundle to Bundle Component Relationship,115
0dSWs000000PEo8MAG,PRC-000000112,01tWs000006wOTyIAM,FESBA Generator Set,01tWs000006wOWqIAM,PMG,,,0yoWs000000epJxIAI,Bundle to Bundle Component Relationship,89
0dSWs000000PEo9MAG,PRC-000000136,01tWs000006wOTyIAM,FESBA Generator Set,01tWs000006wOXHIA2,"Terminal Box-Low Voltage,Right",,,0yoWs000000epJxIAI,Bundle to Bundle Component Relationship,116
0dSWs000000PEoAMAW,PRC-000000113,01tWs000006wOTyIAM,FESBA Generator Set,01tWs000006wOWrIAM,Hardened Bearing Cartridge,,,0yoWs000000epJxIAI,Bundle to Bundle Component Relationship,90
0dSWs000000PEoBMAW,PRC-000000137,01tWs000006wOTyIAM,FESBA Generator Set,01tWs000006wOXIIA2,"CB-600A,Right,3P,UL 600,IEC 690,UL Serv Ent,100%",,,0yoWs000000epJxIAI,Bundle to Bundle Component Relationship,117
0dSWs000000PEoCMAW,PRC-000000114,01tWs000006wOTyIAM,FESBA Generator Set,01tWs000006wOWsIAM,"Output Terminals-2-Hole Lug, NEMA",,,0yoWs000000epJxIAI,Bundle to Bundle Component Relationship,91
0dSWs000000PEoDMAW,PRC-000000138,01tWs000006wOTyIAM,FESBA Generator Set,01tWs000006wOXJIA2,"CB-800A,Right,3P,UL 600,IEC 415,UL Serv Ent,100%",,,0yoWs000000epJxIAI,Bundle to Bundle Component Relationship,118
0dSWs000000PEoEMAW,PRC-000000115,01tWs000006wOTyIAM,FESBA Generator Set,01tWs000006wOWtIAM,Differential CT's P7,,,0yoWs000000epJxIAI,Bundle to Bundle Component Relationship,92
0dSWs000000PEoFMAW,PRC-000000139,01tWs000006wOTyIAM,FESBA Generator Set,01tWs000006wOXKIA2,"CB-1200A,Right,3P,UL 600,IEC 415,UL Serv Ent,100%",,,0yoWs000000epJxIAI,Bundle to Bundle Component Relationship,119
0dSWs000000PEoGMAW,PRC-000000116,01tWs000006wOTyIAM,FESBA Generator Set,01tWs000006wOWuIAM,Differential CT's P80,,,0yoWs000000epJxIAI,Bundle to Bundle Component Relationship,93
0dSWs000000PEoHMAW,PRC-000000140,01tWs000006wOTyIAM,FESBA Generator Set,01tWs000006wOXLIA2,"CB-1600A,Right,3P,UL 600,IEC 415,UL Serv Ent,100%",,,0yoWs000000epJxIAI,Bundle to Bundle Component Relationship,120
0dSWs000000PEoIMAW,PRC-000000117,01tWs000006wOTyIAM,FESBA Generator Set,01tWs000006wOWvIAM,Circuit Breaker or Entrance Box-None,,,0yoWs000000epJxIAI,Bundle to Bundle Component Relationship,94
0dSWs000000PEoJMAW,PRC-000000141,01tWs000006wOTyIAM,FESBA Generator Set,01tWs000006wOXMIA2,"CB-2000A,Right,3P,UL 600,IEC 415,UL Serv Ent,100%",,,0yoWs000000epJxIAI,Bundle to Bundle Component Relationship,121
0dSWs000000PEoKMAW,PRC-000000118,01tWs000006wOTyIAM,FESBA Generator Set,01tWs000006wOWwIAM,Housing Arrangement - Left Entry,,,0yoWs000000epJxIAI,Bundle to Bundle Component Relationship,95
0dSWs000000PEoLMAW,PRC-000000142,01tWs000006wOTyIAM,FESBA Generator Set,01tWs000006wOXNIA2,"CB-2500A,Right,3P,UL 600,IEC 415,UL Serv Ent,100%",,,0yoWs000000epJxIAI,Bundle to Bundle Component Relationship,122
0dSWs000000PEoMMAW,PRC-000000119,01tWs000006wOTyIAM,FESBA Generator Set,01tWs000006wOWxIAM,Housing Arrangement - Right Entry,,,0yoWs000000epJxIAI,Bundle to Bundle Component Relationship,96
0dSWs000000PEoNMAW,PRC-000000143,01tWs000006wOTyIAM,FESBA Generator Set,01tWs000006wOXOIA2,"CB-3000A,Right,3P,UL 600,IEC 690,UL Serv Ent,100%",,,0yoWs000000epJxIAI,Bundle to Bundle Component Relationship,123
0dSWs000000PEoOMAW,PRC-000000120,01tWs000006wOTyIAM,FESBA Generator Set,01tWs000006wOWyIAM,Housing Arrangement - Left & Right Entry,,,0yoWs000000epJxIAI,Bundle to Bundle Component Relationship,97
0dSWs000000PEoPMAW,PRC-000000147,01tWs000006wOTyIAM,FESBA Generator Set,01tWs000006wOXPIA2,"Top Entry, Right",,,0yoWs000000epJxIAI,Bundle to Bundle Component Relationship,124
0dSWs000000PEoQMAW,PRC-000000121,01tWs000006wOTyIAM,FESBA Generator Set,01tWs000006wOWzIAM,"Terminal Hsg-Alternator Mounted,BotEntr,LV,NEMA 2-HoleConn",,,0yoWs000000epJxIAI,Bundle to Bundle Component Relationship,98
0dSWs000000PEoRMAW,PRC-000000148,01tWs000006wOTyIAM,FESBA Generator Set,01tWs000006wOXQIA2,"Bottom Entry, Right",,,0yoWs000000epJxIAI,Bundle to Bundle Component Relationship,125
0dSWs000000PEoSMAW,PRC-000000122,01tWs000006wOTyIAM,FESBA Generator Set,01tWs000006wOX0IAM,"Terminal Hsg-Alternator Mounted,TopEntr,LV,NEMA 2-HoleConn",,,0yoWs000000epJxIAI,Bundle to Bundle Component Relationship,99
0dSWs000000PEoTMAW,PRC-000000149,01tWs000006wOTyIAM,FESBA Generator Set,01tWs000006wOXRIA2,"Bottom Entry Chute, Right",,,0yoWs000000epJxIAI,Bundle to Bundle Component Relationship,126
0dSWs000000PEoUMAW,PRC-000000123,01tWs000006wOTyIAM,FESBA Generator Set,01tWs000006wOX1IAM,"Terminal Housing-Bottom Entrance,Medium/High Volts",,,0yoWs000000epJxIAI,Bundle to Bundle Component Relationship,100
0dSWs000000PEoVMAW,PRC-000000150,01tWs000006wOTyIAM,FESBA Generator Set,01tWs000006wOXSIA2,"Indication-Ground Fault,3-PoleXfrSw",,,0yoWs000000epJxIAI,Bundle to Bundle Component Relationship,127
0dSWs000000PEoWMAW,PRC-000000151,01tWs000006wOTyIAM,FESBA Generator Set,01tWs000006wOXTIA2,"Indication-Ground Fault, Terminal Box (or) Circuit Breaker Box - Left",,,0yoWs000000epJxIAI,Bundle to Bundle Component Relationship,128
0dSWs000000PEoXMAW,PRC-000000152,01tWs000006wOTyIAM,FESBA Generator Set,01tWs000006wOXUIA2,"Indication-Ground Fault, Terminal Box (or) Circuit Breaker Box - Right",,,0yoWs000000epJxIAI,Bundle to Bundle Component Relationship,129
0dSWs000000PEoYMAW,PRC-000000153,01tWs000006wOTyIAM,FESBA Generator Set,01tWs000006wOXVIA2,Ckt Brkr Access-Right Side,,,0yoWs000000epJxIAI,Bundle to Bundle Component Relationship,130
0dSWs000000PEoZMAW,PRC-000000154,01tWs000006wOTyIAM,FESBA Generator Set,01tWs000006wOXWIA2,Ckt Brkr Access-Left Side,,,0yoWs000000epJxIAI,Bundle to Bundle Component Relationship,131
0dSWs000000PEoaMAG,PRC-000000155,01tWs000006wOTyIAM,FESBA Generator Set,01tWs000006wOXXIA2,"Ckt Brkr Lugs-Mechanical, Left Side",,,0yoWs000000epJxIAI,Bundle to Bundle Component Relationship,132
0dSWs000000PEobMAG,PRC-000000156,01tWs000006wOTyIAM,FESBA Generator Set,01tWs000006wOXYIA2,"Ckt Brkr Lugs-Mechanical, Right Side",,,0yoWs000000epJxIAI,Bundle to Bundle Component Relationship,133
0dSWs000000PEocMAG,PRC-000000157,01tWs000006wOTyIAM,FESBA Generator Set,01tWs000006wOXZIA2,Ground Fault Indication Relay - None,,,0yoWs000000epJxIAI,Bundle to Bundle Component Relationship,134
0dSWs000000PEodMAG,PRC-000000178,01tWs000006wOTyIAM,FESBA Generator Set,01tWs000006wOXaIAM,PowerCommand 3.3,,,0yoWs000000epJxIAI,Bundle to Bundle Component Relationship,135
0dSWs000000PEoeMAG,PRC-000000179,01tWs000006wOTyIAM,FESBA Generator Set,01tWs000006wOXbIAM,PowerCommand 3.3 with MLD,,,0yoWs000000epJxIAI,Bundle to Bundle Component Relationship,136
0dSWs000000PEofMAG,PRC-000000206,01tWs000006wOTyIAM,FESBA Generator Set,01tWs000006wOY2IAM,Test Record-Strip Chart,,,0yoWs000000epJxIAI,Bundle to Bundle Component Relationship,179
0dSWs000000PEogMAG,PRC-000000180,01tWs000006wOTyIAM,FESBA Generator Set,01tWs000006wOXcIAM,120/240VAC compatible,,,0yoWs000000epJxIAI,Bundle to Bundle Component Relationship,153
0dSWs000000PEohMAG,PRC-000000207,01tWs000006wOTyIAM,FESBA Generator Set,01tWs000006wOY3IAM,Test Record-Safety Shutdowns,,,0yoWs000000epJxIAI,Bundle to Bundle Component Relationship,180
0dSWs000000PEoiMAG,PRC-000000181,01tWs000006wOTyIAM,FESBA Generator Set,01tWs000006wOXdIAM,"Meters-AC Output,Analog",,,0yoWs000000epJxIAI,Bundle to Bundle Component Relationship,154
0dSWs000000PEojMAG,PRC-000000208,01tWs000006wOTyIAM,FESBA Generator Set,01tWs000006wOY4IAM,Test Record-Amb Temp/Pres,,,0yoWs000000epJxIAI,Bundle to Bundle Component Relationship,181
0dSWs000000PEokMAG,PRC-000000182,01tWs000006wOTyIAM,FESBA Generator Set,01tWs000006wOXeIAM,Display - Control LCD,,,0yoWs000000epJxIAI,Bundle to Bundle Component Relationship,155
0dSWs000000PEolMAG,PRC-000000209,01tWs000006wOTyIAM,FESBA Generator Set,01tWs000006wOY5IAM,Test Record-Exhaust Temp,,,0yoWs000000epJxIAI,Bundle to Bundle Component Relationship,182
0dSWs000000PEomMAG,PRC-000000183,01tWs000006wOTyIAM,FESBA Generator Set,01tWs000006wOXfIAM,AmpSentryTM Protective Relay,,,0yoWs000000epJxIAI,Bundle to Bundle Component Relationship,156
0dSWs000000PEonMAG,PRC-000000210,01tWs000006wOTyIAM,FESBA Generator Set,01tWs000006wOY6IAM,Genset Warranty Base,,,0yoWs000000epJxIAI,Bundle to Bundle Component Relationship,183
0dSWs000000PEooMAG,PRC-000000184,01tWs000006wOTyIAM,FESBA Generator Set,01tWs000006wOXgIAM,"Display, Running Time",,,0yoWs000000epJxIAI,Bundle to Bundle Component Relationship,157
0dSWs000000PEopMAG,PRC-000000211,01tWs000006wOTyIAM,FESBA Generator Set,01tWs000006wOY7IAM,ST 3YR 1500HR PARTS,,,0yoWs000000epJxIAI,Bundle to Bundle Component Relationship,184
0dSWs000000PEoqMAG,PRC-000000185,01tWs000006wOTyIAM,FESBA Generator Set,01tWs000006wOXhIAM,"Alarm-Audible, Engine Shutdown",,,0yoWs000000epJxIAI,Bundle to Bundle Component Relationship,158
0dSWs000000PEorMAG,PRC-000000212,01tWs000006wOTyIAM,FESBA Generator Set,01tWs000006wOY8IAM,ST 5YR 2500HR PARTS,,,0yoWs000000epJxIAI,Bundle to Bundle Component Relationship,185
0dSWs000000PEosMAG,PRC-000000186,01tWs000006wOTyIAM,FESBA Generator Set,01tWs000006wOXiIAM,RELAYS-USER CONFIGURED,,,0yoWs000000epJxIAI,Bundle to Bundle Component Relationship,159
0dSWs000000PEotMAG,PRC-000000213,01tWs000006wOTyIAM,FESBA Generator Set,01tWs000006wOY9IAM,ST 10YR 5000HR PARTS,,,0yoWs000000epJxIAI,Bundle to Bundle Component Relationship,186
0dSWs000000PEouMAG,PRC-000000187,01tWs000006wOTyIAM,FESBA Generator Set,01tWs000006wOXjIAM,"Signals - Auxiliary, 8 Inputs/8 Outputs",,,0yoWs000000epJxIAI,Bundle to Bundle Component Relationship,160
0dSWs000000PEovMAG,PRC-000000214,01tWs000006wOTyIAM,FESBA Generator Set,01tWs000006wOYAIA2,ST 3YR 1500HR Parts + Labor,,,0yoWs000000epJxIAI,Bundle to Bundle Component Relationship,187
0dSWs000000PEowMAG,PRC-000000188,01tWs000006wOTyIAM,FESBA Generator Set,01tWs000006wOXkIAM,"Signals - Auxiliary 2, 8 Inputs/8 Outputs",,,0yoWs000000epJxIAI,Bundle to Bundle Component Relationship,161
0dSWs000000PEoxMAG,PRC-000000215,01tWs000006wOTyIAM,FESBA Generator Set,01tWs000006wOYBIA2,ST 5YR 2500HR Parts + Labor,,,0yoWs000000epJxIAI,Bundle to Bundle Component Relationship,188
0dSWs000000PEoyMAG,PRC-000000189,01tWs000006wOTyIAM,FESBA Generator Set,01tWs000006wOXlIAM,Gauge-Exhaust Gas Temperature,,,0yoWs000000epJxIAI,Bundle to Bundle Component Relationship,162
0dSWs000000PEozMAG,PRC-000000216,01tWs000006wOTyIAM,FESBA Generator Set,01tWs000006wOYCIA2,ST 10YR 5000HR Parts + Labor,,,0yoWs000000epJxIAI,Bundle to Bundle Component Relationship,189
0dSWs000000PEp0MAG,PRC-000000190,01tWs000006wOTyIAM,FESBA Generator Set,01tWs000006wOXmIAM,Test - Standard Factory,,,0yoWs000000epJxIAI,Bundle to Bundle Component Relationship,163
0dSWs000000PEp1MAG,PRC-000000217,01tWs000006wOTyIAM,FESBA Generator Set,01tWs000006wOYDIA2,ST 3YR 1500HR Parts + Labor + Travel,,,0yoWs000000epJxIAI,Bundle to Bundle Component Relationship,190
0dSWs000000PEp2MAG,PRC-000000191,01tWs000006wOTyIAM,FESBA Generator Set,01tWs000006wOXnIAM,Test Record-Certified,,,0yoWs000000epJxIAI,Bundle to Bundle Component Relationship,164
0dSWs000000PEp3MAG,PRC-000000218,01tWs000006wOTyIAM,FESBA Generator Set,01tWs000006wOYEIA2,ST 5YR 2500HR Parts + Labor + Travel,,,0yoWs000000epJxIAI,Bundle to Bundle Component Relationship,191
0dSWs000000PEp4MAG,PRC-000000192,01tWs000006wOTyIAM,FESBA Generator Set,01tWs000006wOXoIAM,Test - Witness,,,0yoWs000000epJxIAI,Bundle to Bundle Component Relationship,165
0dSWs000000PEp5MAG,PRC-000000219,01tWs000006wOTyIAM,FESBA Generator Set,01tWs000006wOYFIA2,ST 10YR 5000HR Parts + Labor + Travel,,,0yoWs000000epJxIAI,Bundle to Bundle Component Relationship,192
0dSWs000000PEp6MAG,PRC-000000193,01tWs000006wOTyIAM,FESBA Generator Set,01tWs000006wOXpIAM,"Test-Extended, Prime Load, 1Hr",,,0yoWs000000epJxIAI,Bundle to Bundle Component Relationship,166
0dSWs000000PEp7MAG,PRC-000000220,01tWs000006wOTyIAM,FESBA Generator Set,01tWs000006wOYGIA2,PR 2YR 4000HR P + L + T,,,0yoWs000000epJxIAI,Bundle to Bundle Component Relationship,193
0dSWs000000PEp8MAG,PRC-000000194,01tWs000006wOTyIAM,FESBA Generator Set,01tWs000006wOXqIAM,"Test-Extnd, Prime Ld,2Hr",,,0yoWs000000epJxIAI,Bundle to Bundle Component Relationship,167
0dSWs000000PEp9MAG,PRC-000000221,01tWs000006wOTyIAM,FESBA Generator Set,01tWs000006wOYHIA2,PR 3YR 6000HR P + L + T,,,0yoWs000000epJxIAI,Bundle to Bundle Component Relationship,194
0dSWs000000PEpAMAW,PRC-000000195,01tWs000006wOTyIAM,FESBA Generator Set,01tWs000006wOXrIAM,"Test-Extnd, Prime Ld,4Hr",,,0yoWs000000epJxIAI,Bundle to Bundle Component Relationship,168
0dSWs000000PEpBMAW,PRC-000000222,01tWs000006wOTyIAM,FESBA Generator Set,01tWs000006wOYIIA2,DCC 3YR UNLIMITED HR PARTS,,,0yoWs000000epJxIAI,Bundle to Bundle Component Relationship,195
0dSWs000000PEpCMAW,PRC-000000196,01tWs000006wOTyIAM,FESBA Generator Set,01tWs000006wOXsIAM,"Test-Extended, Prime Load, 8Hr",,,0yoWs000000epJxIAI,Bundle to Bundle Component Relationship,169
0dSWs000000PEpDMAW,PRC-000000223,01tWs000006wOTyIAM,FESBA Generator Set,01tWs000006wOYJIA2,DCC 5YR UNLIMITED HR PARTS,,,0yoWs000000epJxIAI,Bundle to Bundle Component Relationship,196
0dSWs000000PEpEMAW,PRC-000000197,01tWs000006wOTyIAM,FESBA Generator Set,01tWs000006wOXtIAM,"Test-Extended, Standby Load, 1",,,0yoWs000000epJxIAI,Bundle to Bundle Component Relationship,170
0dSWs000000PEpFMAW,PRC-000000224,01tWs000006wOTyIAM,FESBA Generator Set,01tWs000006wOYKIA2,DCC 10YR UNLIMITED HR PARTS,,,0yoWs000000epJxIAI,Bundle to Bundle Component Relationship,197
0dSWs000000PEpGMAW,PRC-000000198,01tWs000006wOTyIAM,FESBA Generator Set,01tWs000006wOXuIAM,"Test-Extended, Standby Load, 2",,,0yoWs000000epJxIAI,Bundle to Bundle Component Relationship,171
0dSWs000000PEpHMAW,PRC-000000225,01tWs000006wOTyIAM,FESBA Generator Set,01tWs000006wOYLIA2,DCC 3YR UNLIMITED HR P + L,,,0yoWs000000epJxIAI,Bundle to Bundle Component Relationship,198
0dSWs000000PEpIMAW,PRC-000000199,01tWs000006wOTyIAM,FESBA Generator Set,01tWs000006wOXvIAM,"Test-Extended, Standby Load, 4",,,0yoWs000000epJxIAI,Bundle to Bundle Component Relationship,172
0dSWs000000PEpJMAW,PRC-000000226,01tWs000006wOTyIAM,FESBA Generator Set,01tWs000006wOYMIA2,DCC 5YR UNLIMITED HR P + L,,,0yoWs000000epJxIAI,Bundle to Bundle Component Relationship,199
0dSWs000000PEpKMAW,PRC-000000200,01tWs000006wOTyIAM,FESBA Generator Set,01tWs000006wOXwIAM,"Test-Extnd,Stndby Ld,8Hr",,,0yoWs000000epJxIAI,Bundle to Bundle Component Relationship,173
0dSWs000000PEpLMAW,PRC-000000227,01tWs000006wOTyIAM,FESBA Generator Set,01tWs000006wOYNIA2,DCC 10YR UNLIMITED HR P + L,,,0yoWs000000epJxIAI,Bundle to Bundle Component Relationship,200
0dSWs000000PEpMMAW,PRC-000000201,01tWs000006wOTyIAM,FESBA Generator Set,01tWs000006wOXxIAM,"Test-Varied Load,1 Hour,2 Step",,,0yoWs000000epJxIAI,Bundle to Bundle Component Relationship,174
0dSWs000000PEpNMAW,PRC-000000228,01tWs000006wOTyIAM,FESBA Generator Set,01tWs000006wOYOIA2,DCC 3YR UNLIMITED HR P + L + T,,,0yoWs000000epJxIAI,Bundle to Bundle Component Relationship,201
0dSWs000000PEpOMAW,PRC-000000202,01tWs000006wOTyIAM,FESBA Generator Set,01tWs000006wOXyIAM,"Test-Varied Load,2Hr,2 Step",,,0yoWs000000epJxIAI,Bundle to Bundle Component Relationship,175
0dSWs000000PEpPMAW,PRC-000000229,01tWs000006wOTyIAM,FESBA Generator Set,01tWs000006wOYPIA2,DCC 5YR UNLIMITED HR P + L + T,,,0yoWs000000epJxIAI,Bundle to Bundle Component Relationship,202
0dSWs000000PEpQMAW,PRC-000000203,01tWs000006wOTyIAM,FESBA Generator Set,01tWs000006wOXzIAM,"Test-Varied Load, 4Hr, 2Step",,,0yoWs000000epJxIAI,Bundle to Bundle Component Relationship,176
0dSWs000000PEpRMAW,PRC-000000230,01tWs000006wOTyIAM,FESBA Generator Set,01tWs000006wOYQIA2,DCC 10YR UNLIMITED HR P + L + T,,,0yoWs000000epJxIAI,Bundle to Bundle Component Relationship,203
0dSWs000000PEpSMAW,PRC-000000204,01tWs000006wOTyIAM,FESBA Generator Set,01tWs000006wOY0IAM,"Test-Varied Ld,6Hr,3 Step",,,0yoWs000000epJxIAI,Bundle to Bundle Component Relationship,177
0dSWs000000PEpTMAW,PRC-000000231,01tWs000006wOTyIAM,FESBA Generator Set,01tWs000006wOYRIA2,Literature-Chinese,,,0yoWs000000epJxIAI,Bundle to Bundle Component Relationship,204
0dSWs000000PEpUMAW,PRC-000000205,01tWs000006wOTyIAM,FESBA Generator Set,01tWs000006wOY1IAM,Test-Independent Laboratory,,,0yoWs000000epJxIAI,Bundle to Bundle Component Relationship,178
0dSWs000000PEpVMAW,PRC-000000232,01tWs000006wOTyIAM,FESBA Generator Set,01tWs000006wOYSIA2,Literature-Danish,,,0yoWs000000epJxIAI,Bundle to Bundle Component Relationship,205
0dSWs000000PEpWMAW,PRC-000000233,01tWs000006wOTyIAM,FESBA Generator Set,01tWs000006wOYTIA2,Literature-Dutch,,,0yoWs000000epJxIAI,Bundle to Bundle Component Relationship,206
0dSWs000000PEpXMAW,PRC-000000234,01tWs000006wOTyIAM,FESBA Generator Set,01tWs000006wOYUIA2,Literature-English,,,0yoWs000000epJxIAI,Bundle to Bundle Component Relationship,207
0dSWs000000PEpYMAW,PRC-000000235,01tWs000006wOTyIAM,FESBA Generator Set,01tWs000006wOYVIA2,Literature-Finnish,,,0yoWs000000epJxIAI,Bundle to Bundle Component Relationship,208
0dSWs000000PEpZMAW,PRC-000000236,01tWs000006wOTyIAM,FESBA Generator Set,01tWs000006wOYWIA2,Literature-French,,,0yoWs000000epJxIAI,Bundle to Bundle Component Relationship,209
0dSWs000000PEpaMAG,PRC-000000237,01tWs000006wOTyIAM,FESBA Generator Set,01tWs000006wOYXIA2,Literature-German,,,0yoWs000000epJxIAI,Bundle to Bundle Component Relationship,210
0dSWs000000PEpbMAG,PRC-000000238,01tWs000006wOTyIAM,FESBA Generator Set,01tWs000006wOYYIA2,Literature-Greek,,,0yoWs000000epJxIAI,Bundle to Bundle Component Relationship,211
0dSWs000000PEpcMAG,PRC-000000239,01tWs000006wOTyIAM,FESBA Generator Set,01tWs000006wOYZIA2,Literature-Italian,,,0yoWs000000epJxIAI,Bundle to Bundle Component Relationship,212
0dSWs000000PEpdMAG,PRC-000000240,01tWs000006wOTyIAM,FESBA Generator Set,01tWs000006wOYaIAM,Literature-Norwegian,,,0yoWs000000epJxIAI,Bundle to Bundle Component Relationship,213
0dSWs000000PEpeMAG,PRC-000000241,01tWs000006wOTyIAM,FESBA Generator Set,01tWs000006wOYbIAM,Literature-Portuguese,,,0yoWs000000epJxIAI,Bundle to Bundle Component Relationship,214
0dSWs000000PEpfMAG,PRC-000000268,01tWs000006wOTyIAM,FESBA Generator Set,01tWs000006wOZ2IAM,Weather Protected Enclosure,,,0yoWs000000epJxIAI,Bundle to Bundle Component Relationship,241
0dSWs000000PEpgMAG,PRC-000000242,01tWs000006wOTyIAM,FESBA Generator Set,01tWs000006wOYcIAM,Literature-Brazilian Portuguese,,,0yoWs000000epJxIAI,Bundle to Bundle Component Relationship,215
0dSWs000000PEphMAG,PRC-000000269,01tWs000006wOTyIAM,FESBA Generator Set,01tWs000006wOZ3IAM,Level 1 Sound Attenuated Enclosure,,,0yoWs000000epJxIAI,Bundle to Bundle Component Relationship,242
0dSWs000000PEpiMAG,PRC-000000243,01tWs000006wOTyIAM,FESBA Generator Set,01tWs000006wOYdIAM,Literature-Russian,,,0yoWs000000epJxIAI,Bundle to Bundle Component Relationship,216
0dSWs000000PEpjMAG,PRC-000000270,01tWs000006wOTyIAM,FESBA Generator Set,01tWs000006wOZ4IAM,Level 2 Sound Attenuated Enclosure,,,0yoWs000000epJxIAI,Bundle to Bundle Component Relationship,243
0dSWs000000PEpkMAG,PRC-000000244,01tWs000006wOTyIAM,FESBA Generator Set,01tWs000006wOYeIAM,Literature-Spanish,,,0yoWs000000epJxIAI,Bundle to Bundle Component Relationship,217
0dSWs000000PEplMAG,PRC-000000271,01tWs000006wOTyIAM,FESBA Generator Set,01tWs000006wOZ5IAM,Level 3 Sound Attenuated Enclosure,,,0yoWs000000epJxIAI,Bundle to Bundle Component Relationship,244
0dSWs000000PEpmMAG,PRC-000000245,01tWs000006wOTyIAM,FESBA Generator Set,01tWs000006wOYfIAM,Literature-Swedish,,,0yoWs000000epJxIAI,Bundle to Bundle Component Relationship,218
0dSWs000000PEpnMAG,PRC-000000298,01tWs000006wOTyIAM,FESBA Generator Set,01tWs000006wOZ6IAM,Electrical Engineer,,,0yoWs000000epJxIAI,Bundle to Bundle Component Relationship,3
0dSWs000000PEpoMAG,PRC-000000246,01tWs000006wOTyIAM,FESBA Generator Set,01tWs000006wOYgIAM,Packing-None,,,0yoWs000000epJxIAI,Bundle to Bundle Component Relationship,219
0dSWs000000PEppMAG,PRC-000000299,01tWs000006wOTyIAM,FESBA Generator Set,01tWs000006wOZ7IAM,Mechanical Engineer,,,0yoWs000000epJxIAI,Bundle to Bundle Component Relationship,4
0dSWs000000PEpqMAG,PRC-000000247,01tWs000006wOTyIAM,FESBA Generator Set,01tWs000006wOYhIAM,0155-2341-10,,,0yoWs000000epJxIAI,Bundle to Bundle Component Relationship,220
0dSWs000000PEprMAG,PRC-000000297,01tWs000006wOTyIAM,FESBA Generator Set,01tWs000006wOZ8IAM,Civil Engineer,,,0yoWs000000epJxIAI,Bundle to Bundle Component Relationship,2
0dSWs000000PEpsMAG,PRC-000000248,01tWs000006wOTyIAM,FESBA Generator Set,01tWs000006wOYiIAM,0155-2342-10,,,0yoWs000000epJxIAI,Bundle to Bundle Component Relationship,221
0dSWs000000PEptMAG,PRC-000000296,01tWs000006wOTyIAM,FESBA Generator Set,01tWs000006wOZ9IAM,Installation Fee,,,0yoWs000000epJxIAI,Bundle to Bundle Component Relationship,1
0dSWs000000PEpuMAG,PRC-000000249,01tWs000006wOTyIAM,FESBA Generator Set,01tWs000006wOYjIAM,0155-2696-07,,,0yoWs000000epJxIAI,Bundle to Bundle Component Relationship,222
0dSWs000000PEpvMAG,PRC-000000301,01tWs000006wOTyIAM,FESBA Generator Set,01tWs000006wOZAIA2,Mounting Hardware,,,0yoWs000000epJxIAI,Bundle to Bundle Component Relationship,1
0dSWs000000PEpwMAG,PRC-000000250,01tWs000006wOTyIAM,FESBA Generator Set,01tWs000006wOYkIAM,0300-5929-01,,,0yoWs000000epJxIAI,Bundle to Bundle Component Relationship,223
0dSWs000000PEpxMAG,PRC-000000302,01tWs000006wOTyIAM,FESBA Generator Set,01tWs000006wOZBIA2,Wiring & Cables,,,0yoWs000000epJxIAI,Bundle to Bundle Component Relationship,2
0dSWs000000PEpyMAG,PRC-000000251,01tWs000006wOTyIAM,FESBA Generator Set,01tWs000006wOYlIAM,0300-5929-02,,,0yoWs000000epJxIAI,Bundle to Bundle Component Relationship,224
0dSWs000000PEpzMAG,PRC-000000303,01tWs000006wOTyIAM,FESBA Generator Set,01tWs000006wOZCIA2,Conduits and Fittings,,,0yoWs000000epJxIAI,Bundle to Bundle Component Relationship,3
0dSWs000000PEq0MAG,PRC-000000252,01tWs000006wOTyIAM,FESBA Generator Set,01tWs000006wOYmIAM,0416-0439,,,0yoWs000000epJxIAI,Bundle to Bundle Component Relationship,225
0dSWs000000PEq1MAG,PRC-000000253,01tWs000006wOTyIAM,FESBA Generator Set,01tWs000006wOYnIAM,0416-0527,,,0yoWs000000epJxIAI,Bundle to Bundle Component Relationship,226
0dSWs000000PEq2MAG,PRC-000000254,01tWs000006wOTyIAM,FESBA Generator Set,01tWs000006wOYoIAM,0541-1204,,,0yoWs000000epJxIAI,Bundle to Bundle Component Relationship,227
0dSWs000000PEq3MAG,PRC-000000255,01tWs000006wOTyIAM,FESBA Generator Set,01tWs000006wOYpIAM,A030S169,,,0yoWs000000epJxIAI,Bundle to Bundle Component Relationship,228
0dSWs000000PEq4MAG,PRC-000000256,01tWs000006wOTyIAM,FESBA Generator Set,01tWs000006wOYqIAM,A035K427,,,0yoWs000000epJxIAI,Bundle to Bundle Component Relationship,229
0dSWs000000PEq5MAG,PRC-000000257,01tWs000006wOTyIAM,FESBA Generator Set,01tWs000006wOYrIAM,A046D218,,,0yoWs000000epJxIAI,Bundle to Bundle Component Relationship,230
0dSWs000000PEq6MAG,PRC-000000258,01tWs000006wOTyIAM,FESBA Generator Set,01tWs000006wOYsIAM,A048N280,,,0yoWs000000epJxIAI,Bundle to Bundle Component Relationship,231
0dSWs000000PEq7MAG,PRC-000000259,01tWs000006wOTyIAM,FESBA Generator Set,01tWs000006wOYtIAM,A051H785,,,0yoWs000000epJxIAI,Bundle to Bundle Component Relationship,232
0dSWs000000PEq8MAG,PRC-000000260,01tWs000006wOTyIAM,FESBA Generator Set,01tWs000006wOYuIAM,A051K118,,,0yoWs000000epJxIAI,Bundle to Bundle Component Relationship,233
0dSWs000000PEq9MAG,PRC-000000261,01tWs000006wOTyIAM,FESBA Generator Set,01tWs000006wOYvIAM,A052X578,,,0yoWs000000epJxIAI,Bundle to Bundle Component Relationship,234
0dSWs000000PEqAMAW,PRC-000000262,01tWs000006wOTyIAM,FESBA Generator Set,01tWs000006wOYwIAM,A052X580,,,0yoWs000000epJxIAI,Bundle to Bundle Component Relationship,235
0dSWs000000PEqBMAW,PRC-000000263,01tWs000006wOTyIAM,FESBA Generator Set,01tWs000006wOYxIAM,A052X582,,,0yoWs000000epJxIAI,Bundle to Bundle Component Relationship,236
0dSWs000000PEqCMAW,PRC-000000264,01tWs000006wOTyIAM,FESBA Generator Set,01tWs000006wOYyIAM,A052X584,,,0yoWs000000epJxIAI,Bundle to Bundle Component Relationship,237
0dSWs000000PEqDMAW,PRC-000000265,01tWs000006wOTyIAM,FESBA Generator Set,01tWs000006wOYzIAM,A052X586,,,0yoWs000000epJxIAI,Bundle to Bundle Component Relationship,238
0dSWs000000PEqEMAW,PRC-000000266,01tWs000006wOTyIAM,FESBA Generator Set,01tWs000006wOZ0IAM,0402-0750-01,,,0yoWs000000epJxIAI,Bundle to Bundle Component Relationship,239
0dSWs000000PEqFMAW,PRC-000000267,01tWs000006wOTyIAM,FESBA Generator Set,01tWs000006wOZ1IAM,No Enclosure,,,0yoWs000000epJxIAI,Bundle to Bundle Component Relationship,240
